dataset,fold_id,budget_fraction,block_id,calibrated_paired_margin_lower_bound,realized_paired_margin,covered,absolute_plan_lower_bound,realized_worst_value,absolute_covered,certified_switch,calibration_blocks,adaptive_alpha,absolute_adaptive_alpha,target_alpha,adaptation_rate
divvy,1,0.01,2024-05-01,-5.832795796221737,5.520000000000003,1.0,4.832205125472085,12.0,1.0,0.0,30.0,0.05,0.05,0.05,0.1
divvy,1,0.01,2024-05-02,-5.5277795457022885,2.16,1.0,1.0533478082633465,6.4,1.0,0.0,31.0,0.05500000000000001,0.05500000000000001,0.05,0.1
divvy,1,0.01,2024-05-03,-6.299481138245311,-0.4,1.0,0.0,0.8,1.0,0.0,32.0,0.06000000000000001,0.06000000000000001,0.05,0.1
divvy,1,0.01,2024-05-04,-3.0323547518220533,0.0,1.0,0.0,4.0,1.0,0.0,33.0,0.06500000000000002,0.06500000000000002,0.05,0.1
divvy,1,0.01,2024-05-05,-2.1732616257058863,0.0,1.0,0.0,6.0,1.0,0.0,34.0,0.07000000000000002,0.07000000000000002,0.05,0.1
divvy,1,0.01,2024-05-06,-4.452330175924512,1.600000000000001,1.0,1.0692890563799722,4.0,1.0,0.0,35.0,0.07500000000000002,0.07500000000000002,0.05,0.1
divvy,1,0.01,2024-05-07,-4.267069353452844,2.16,1.0,1.0563054337828337,6.4,1.0,0.0,36.0,0.08000000000000003,0.08000000000000003,0.05,0.1
divvy,1,0.01,2024-05-08,-2.7484970986379347,1.5999999999999996,1.0,2.1430140220861658,9.6,1.0,0.0,37.0,0.08500000000000003,0.08500000000000003,0.05,0.1
divvy,1,0.01,2024-05-09,-2.168753553966066,0.0,1.0,0.0,3.6000000000000005,1.0,0.0,38.0,0.09000000000000004,0.09000000000000004,0.05,0.1
divvy,1,0.01,2024-05-10,-1.509451885261301,1.600000000000001,1.0,0.441018720111483,4.4,1.0,0.0,39.0,0.09500000000000004,0.09500000000000004,0.05,0.1
divvy,1,0.01,2024-05-11,-2.266611988372054,0.0,1.0,0.0,2.4000000000000004,1.0,0.0,40.0,0.10000000000000005,0.10000000000000005,0.05,0.1
divvy,1,0.01,2024-05-12,-1.721157012294714,1.8399999999999994,1.0,0.0,5.2,1.0,0.0,41.0,0.10500000000000005,0.10500000000000005,0.05,0.1
divvy,1,0.01,2024-05-13,-1.322360322991928,-0.40000000000000036,1.0,3.851235842091514,6.4,1.0,0.0,42.0,0.11000000000000006,0.11000000000000006,0.05,0.1
divvy,1,0.01,2024-05-14,-0.8536749950086937,3.2000000000000006,1.0,2.5710257368182843,5.200000000000001,1.0,0.0,43.0,0.11500000000000006,0.11500000000000006,0.05,0.1
divvy,1,0.01,2024-05-15,-1.1376998625525812,-0.6399999999999997,1.0,4.0796669242897,5.6000000000000005,1.0,0.0,44.0,0.12000000000000006,0.12000000000000006,0.05,0.1
divvy,1,0.01,2024-05-16,-1.5799798570927563,-3.6800000000000006,0.0,3.6674236697725364,5.6000000000000005,1.0,0.0,45.0,0.12500000000000006,0.12500000000000006,0.05,0.1
divvy,1,0.01,2024-05-17,-3.8184399571607543,0.0,1.0,0.2013727791242923,2.4000000000000004,1.0,0.0,46.0,0.030000000000000054,0.13000000000000006,0.05,0.1
divvy,1,0.01,2024-05-18,-6.395015904508148,1.04,1.0,0.17626275623457133,3.2,1.0,0.0,47.0,0.03500000000000006,0.13500000000000006,0.05,0.1
divvy,1,0.01,2024-05-19,-5.439278035304328,0.0,1.0,0.8569331542797549,2.8,1.0,0.0,48.0,0.04000000000000006,0.14000000000000007,0.05,0.1
divvy,1,0.01,2024-05-20,-4.886671530909016,0.16000000000000014,1.0,5.117801710072456,7.999999999999999,1.0,0.0,49.0,0.04500000000000007,0.14500000000000007,0.05,0.1
divvy,1,0.01,2024-05-21,-5.344413537050766,1.2800000000000011,1.0,6.577700378478971,9.600000000000001,1.0,0.0,50.0,0.05000000000000007,0.15000000000000008,0.05,0.1
divvy,1,0.01,2024-05-22,-5.451735688970514,-0.6400000000000006,1.0,6.283370599095118,7.600000000000001,1.0,0.0,51.0,0.05500000000000008,0.15500000000000008,0.05,0.1
divvy,1,0.01,2024-05-23,-2.8781488038055953,0.0,1.0,7.106594289134028,3.6,0.0,0.0,52.0,0.06000000000000008,0.1600000000000001,0.05,0.1
divvy,1,0.01,2024-05-24,-2.1696682757013845,0.0,1.0,0.0,3.2,1.0,0.0,53.0,0.06500000000000009,0.06500000000000009,0.05,0.1
divvy,1,0.01,2024-05-25,-3.004392107693846,0.0,1.0,0.0,0.0,1.0,0.0,54.0,0.07000000000000009,0.07000000000000009,0.05,0.1
divvy,1,0.01,2024-05-26,-1.031901820551303,0.0,1.0,0.0,1.6,1.0,0.0,55.0,0.0750000000000001,0.0750000000000001,0.05,0.1
divvy,1,0.01,2024-05-27,-1.4263233357863792,0.0,1.0,0.0,2.4000000000000004,1.0,0.0,56.0,0.0800000000000001,0.0800000000000001,0.05,0.1
divvy,1,0.01,2024-05-28,-1.5043819089904225,2.0,1.0,3.5875134922977585,8.4,1.0,0.0,57.0,0.0850000000000001,0.0850000000000001,0.05,0.1
divvy,1,0.01,2024-05-29,-2.045079529178029,-1.5999999999999996,1.0,2.5702869477460624,8.0,1.0,0.0,58.0,0.09000000000000011,0.09000000000000011,0.05,0.1
divvy,1,0.01,2024-05-30,-1.7506025702391579,0.8800000000000008,1.0,1.707255902829682,4.4,1.0,0.0,59.0,0.09500000000000011,0.09500000000000011,0.05,0.1
divvy,1,0.01,2024-05-31,-1.288971667568694,-2.4000000000000004,0.0,2.353371900671555,0.8,0.0,0.0,60.0,0.10000000000000012,0.10000000000000012,0.05,0.1
divvy,1,0.03,2024-05-01,-3.586211070631668,-2.399999999999995,1.0,12.819611013281571,24.8,1.0,0.0,30.0,0.05,0.05,0.05,0.1
divvy,1,0.03,2024-05-02,-4.4976421585376976,-0.5599999999999987,1.0,5.269886502472751,11.600000000000001,1.0,0.0,31.0,0.05500000000000001,0.05500000000000001,0.05,0.1
divvy,1,0.03,2024-05-03,-4.52669022707687,0.8000000000000007,1.0,0.0,9.200000000000001,1.0,0.0,32.0,0.06000000000000001,0.06000000000000001,0.05,0.1
divvy,1,0.03,2024-05-04,-4.348745931681742,5.280000000000001,1.0,0.1590420188421735,12.400000000000002,1.0,0.0,33.0,0.06500000000000002,0.06500000000000002,0.05,0.1
divvy,1,0.03,2024-05-05,-4.8284801681754,0.7200000000000006,1.0,0.0,10.8,1.0,0.0,34.0,0.07000000000000002,0.07000000000000002,0.05,0.1
divvy,1,0.03,2024-05-06,-2.3230829240738666,-2.3200000000000003,1.0,4.153155953711219,8.0,1.0,0.0,35.0,0.07500000000000002,0.07500000000000002,0.05,0.1
divvy,1,0.03,2024-05-07,-3.1460402292634466,4.079999999999998,1.0,2.43081240654005,11.200000000000001,1.0,0.0,36.0,0.08000000000000003,0.08000000000000003,0.05,0.1
divvy,1,0.03,2024-05-08,-3.793426234145489,-1.7763568394002505e-15,1.0,5.517573996692419,13.200000000000001,1.0,0.0,37.0,0.08500000000000003,0.08500000000000003,0.05,0.1
divvy,1,0.03,2024-05-09,-2.9717673388625276,0.0,1.0,0.0,6.8,1.0,0.0,38.0,0.09000000000000004,0.09000000000000004,0.05,0.1
divvy,1,0.03,2024-05-10,-4.332969949203153,-1.5999999999999996,1.0,0.7275370468472602,11.6,1.0,0.0,39.0,0.09500000000000004,0.09500000000000004,0.05,0.1
divvy,1,0.03,2024-05-11,-4.744441563580108,1.6799999999999997,1.0,0.0,6.0,1.0,0.0,40.0,0.10000000000000005,0.10000000000000005,0.05,0.1
divvy,1,0.03,2024-05-12,-5.016884755157434,-1.7763568394002505e-15,1.0,0.0,11.600000000000001,1.0,0.0,41.0,0.10500000000000005,0.10500000000000005,0.05,0.1
divvy,1,0.03,2024-05-13,-3.080528202691654,-1.9999999999999982,1.0,7.229467364228954,12.000000000000002,1.0,0.0,42.0,0.11000000000000006,0.11000000000000006,0.05,0.1
divvy,1,0.03,2024-05-14,-3.2161680701324076,-1.759999999999998,1.0,5.782078699409642,8.8,1.0,0.0,43.0,0.11500000000000006,0.11500000000000006,0.05,0.1
divvy,1,0.03,2024-05-15,-3.2089127553151005,0.0,1.0,7.721695974385511,6.4,0.0,0.0,44.0,0.12000000000000006,0.12000000000000006,0.05,0.1
divvy,1,0.03,2024-05-16,-2.8241566061134633,0.7999999999999972,1.0,3.831177959659545,17.6,1.0,0.0,45.0,0.12500000000000006,0.025000000000000064,0.05,0.1
divvy,1,0.03,2024-05-17,-3.675729166671872,8.32,1.0,0.0,12.000000000000002,1.0,0.0,46.0,0.13000000000000006,0.030000000000000065,0.05,0.1
divvy,1,0.03,2024-05-18,-3.661893515942056,-4.400000000000001,0.0,0.0,4.8,1.0,0.0,47.0,0.13500000000000006,0.035000000000000066,0.05,0.1
divvy,1,0.03,2024-05-19,-6.269269537145122,1.5199999999999996,1.0,0.0,14.000000000000002,1.0,0.0,48.0,0.04000000000000006,0.04000000000000006,0.05,0.1
divvy,1,0.03,2024-05-20,-2.691400580596186,-0.8000000000000043,1.0,8.111779497192483,18.0,1.0,0.0,49.0,0.04500000000000007,0.04500000000000007,0.05,0.1
divvy,1,0.03,2024-05-21,-4.128684891914673,0.7999999999999972,1.0,8.544700498843563,18.000000000000004,1.0,0.0,50.0,0.05000000000000007,0.05000000000000007,0.05,0.1
divvy,1,0.03,2024-05-22,-2.977133761002464,-0.8000000000000043,1.0,10.136537496652275,18.4,1.0,0.0,51.0,0.05500000000000008,0.05500000000000008,0.05,0.1
divvy,1,0.03,2024-05-23,-3.0065331796928696,-2.4800000000000013,1.0,10.327553686017392,6.400000000000001,0.0,0.0,52.0,0.06000000000000008,0.06000000000000008,0.05,0.1
divvy,1,0.03,2024-05-24,-4.328514471723974,-0.3199999999999994,1.0,0.0,6.8,1.0,0.0,53.0,0.06500000000000009,-0.03499999999999992,0.05,0.1
divvy,1,0.03,2024-05-25,-4.707546129111863,5.840000000000003,1.0,0.0,16.0,1.0,0.0,54.0,0.07000000000000009,-0.02999999999999992,0.05,0.1
divvy,1,0.03,2024-05-26,-3.0538652334392955,-1.2000000000000002,1.0,0.0,2.4000000000000004,1.0,0.0,55.0,0.0750000000000001,-0.024999999999999918,0.05,0.1
divvy,1,0.03,2024-05-27,-5.03984753022785,-0.7999999999999998,1.0,0.0,4.3999999999999995,1.0,0.0,56.0,0.0800000000000001,-0.019999999999999917,0.05,0.1
divvy,1,0.03,2024-05-28,-2.5328086436444646,1.6000000000000014,1.0,0.0,14.399999999999999,1.0,0.0,57.0,0.0850000000000001,-0.014999999999999916,0.05,0.1
divvy,1,0.03,2024-05-29,-3.280093207248203,3.120000000000001,1.0,0.0,16.000000000000004,1.0,0.0,58.0,0.09000000000000011,-0.009999999999999915,0.05,0.1
divvy,1,0.03,2024-05-30,-3.767544629357051,-0.8000000000000007,1.0,0.0,8.4,1.0,0.0,59.0,0.09500000000000011,-0.004999999999999914,0.05,0.1
divvy,1,0.03,2024-05-31,-2.9935901356205394,2.400000000000002,1.0,0.0,9.600000000000001,1.0,0.0,60.0,0.10000000000000012,8.673617379884035e-17,0.05,0.1
divvy,1,0.05,2024-05-01,-5.936260038506584,0.39999999999997726,1.0,13.666978226841712,32.400000000000006,1.0,0.0,30.0,0.05,0.05,0.05,0.1
divvy,1,0.05,2024-05-02,-5.3483270753182035,2.3999999999999915,1.0,6.66730274247759,19.600000000000005,1.0,0.0,31.0,0.05500000000000001,0.05500000000000001,0.05,0.1
divvy,1,0.05,2024-05-03,-7.488901839893465,5.280000000000005,1.0,0.0,14.0,1.0,0.0,32.0,0.06000000000000001,0.06000000000000001,0.05,0.1
divvy,1,0.05,2024-05-04,-4.762177837073514,4.159999999999997,1.0,0.0,20.000000000000004,1.0,0.0,33.0,0.06500000000000002,0.06500000000000002,0.05,0.1
divvy,1,0.05,2024-05-05,-5.308458852193016,2.480000000000002,1.0,0.0,14.4,1.0,0.0,34.0,0.07000000000000002,0.07000000000000002,0.05,0.1
divvy,1,0.05,2024-05-06,-3.3918652554089492,1.9999999999999964,1.0,3.9673630298484177,18.0,1.0,0.0,35.0,0.07500000000000002,0.07500000000000002,0.05,0.1
divvy,1,0.05,2024-05-07,-4.1159307035919115,-7.199999999999999,0.0,1.9123421253477204,12.799999999999999,1.0,0.0,36.0,0.08000000000000003,0.08000000000000003,0.05,0.1
divvy,1,0.05,2024-05-08,-inf,0.3999999999999986,1.0,7.120603825594024,19.200000000000003,1.0,0.0,37.0,-0.014999999999999972,0.08500000000000003,0.05,0.1
divvy,1,0.05,2024-05-09,-inf,0.0,1.0,0.9155889161343014,6.8,1.0,0.0,38.0,-0.00999999999999997,0.09000000000000004,0.05,0.1
divvy,1,0.05,2024-05-10,-inf,4.080000000000005,1.0,1.955321278328408,20.000000000000004,1.0,0.0,39.0,-0.00499999999999997,0.09500000000000004,0.05,0.1
divvy,1,0.05,2024-05-11,-inf,-1.7763568394002505e-15,1.0,2.3074139059589722,10.400000000000002,1.0,0.0,40.0,3.122502256758253e-17,0.10000000000000005,0.05,0.1
divvy,1,0.05,2024-05-12,-inf,-0.6400000000000006,1.0,1.2257642020125328,14.0,1.0,0.0,41.0,0.005000000000000032,0.10500000000000005,0.05,0.1
divvy,1,0.05,2024-05-13,-inf,-0.3999999999999986,1.0,10.644667293501284,16.8,1.0,0.0,42.0,0.010000000000000033,0.11000000000000006,0.05,0.1
divvy,1,0.05,2024-05-14,-inf,-1.5999999999999996,1.0,8.380291021995355,9.600000000000001,1.0,0.0,43.0,0.015000000000000034,0.11500000000000006,0.05,0.1
divvy,1,0.05,2024-05-15,-inf,3.6000000000000014,1.0,10.710304238976821,12.800000000000002,1.0,0.0,44.0,0.020000000000000035,0.12000000000000006,0.05,0.1
divvy,1,0.05,2024-05-16,-7.225848535087502,-2.560000000000006,1.0,11.325362484630132,21.200000000000003,1.0,0.0,45.0,0.025000000000000036,0.12500000000000006,0.05,0.1
divvy,1,0.05,2024-05-17,-7.632268071617573,-1.9999999999999964,1.0,4.9354266296128895,18.4,1.0,0.0,46.0,0.030000000000000037,0.13000000000000006,0.05,0.1
divvy,1,0.05,2024-05-18,-8.66286470695545,-3.120000000000001,1.0,3.784795458547611,9.600000000000001,1.0,0.0,47.0,0.03500000000000004,0.13500000000000006,0.05,0.1
divvy,1,0.05,2024-05-19,-8.858206615403969,-10.399999999999999,0.0,4.894287726292394,18.000000000000004,1.0,0.0,48.0,0.040000000000000036,0.14000000000000007,0.05,0.1
divvy,1,0.05,2024-05-20,-inf,2.6400000000000006,1.0,15.260682013483091,27.60000000000001,1.0,0.0,49.0,-0.054999999999999966,0.14500000000000007,0.05,0.1
divvy,1,0.05,2024-05-21,-inf,5.279999999999998,1.0,15.742946322528113,26.000000000000007,1.0,0.0,50.0,-0.04999999999999996,0.15000000000000008,0.05,0.1
divvy,1,0.05,2024-05-22,-inf,-0.7200000000000024,1.0,18.27536482767788,24.0,1.0,0.0,51.0,-0.04499999999999996,0.15500000000000008,0.05,0.1
divvy,1,0.05,2024-05-23,-inf,-0.8800000000000026,1.0,17.55706648078271,16.000000000000004,0.0,0.0,52.0,-0.03999999999999995,0.1600000000000001,0.05,0.1
divvy,1,0.05,2024-05-24,-inf,0.4800000000000022,1.0,1.049451197403048,12.000000000000002,1.0,0.0,53.0,-0.03499999999999995,0.06500000000000009,0.05,0.1
divvy,1,0.05,2024-05-25,-inf,7.679999999999989,1.0,0.0,32.0,1.0,0.0,54.0,-0.029999999999999947,0.07000000000000009,0.05,0.1
divvy,1,0.05,2024-05-26,-inf,-0.7999999999999989,1.0,1.5471467320572874,4.4,1.0,0.0,55.0,-0.024999999999999946,0.0750000000000001,0.05,0.1
divvy,1,0.05,2024-05-27,-inf,0.40000000000000036,1.0,1.9854002600348446,6.8,1.0,0.0,56.0,-0.019999999999999945,0.0800000000000001,0.05,0.1
divvy,1,0.05,2024-05-28,-inf,-6.879999999999999,1.0,12.479474829829048,15.999999999999998,1.0,0.0,57.0,-0.014999999999999944,0.0850000000000001,0.05,0.1
divvy,1,0.05,2024-05-29,-inf,3.6000000000000014,1.0,11.578071983532988,22.800000000000004,1.0,0.0,58.0,-0.009999999999999943,0.09000000000000011,0.05,0.1
divvy,1,0.05,2024-05-30,-inf,-1.200000000000001,1.0,7.843116272962033,13.200000000000001,1.0,0.0,59.0,-0.004999999999999942,0.09500000000000011,0.05,0.1
divvy,1,0.05,2024-05-31,-inf,0.3200000000000003,1.0,9.945165002549745,17.6,1.0,0.0,60.0,5.898059818321144e-17,0.10000000000000012,0.05,0.1
divvy,1,0.1,2024-05-01,-5.335297421114238,2.3999999999999844,1.0,14.204995822363173,40.79999999999999,1.0,0.0,30.0,0.05,0.05,0.05,0.1
divvy,1,0.1,2024-05-02,-5.5612600291202305,2.79999999999999,1.0,7.465118191628164,27.60000000000001,1.0,0.0,31.0,0.05500000000000001,0.05500000000000001,0.05,0.1
divvy,1,0.1,2024-05-03,-6.565135179547847,0.399999999999995,1.0,0.0,22.400000000000002,1.0,0.0,32.0,0.06000000000000001,0.06000000000000001,0.05,0.1
divvy,1,0.1,2024-05-04,-4.732530240827264,1.9199999999999946,1.0,2.4285907807986957,28.8,1.0,0.0,33.0,0.06500000000000002,0.06500000000000002,0.05,0.1
divvy,1,0.1,2024-05-05,-4.563081989214374,-2.16,1.0,0.0,21.200000000000006,1.0,0.0,34.0,0.07000000000000002,0.07000000000000002,0.05,0.1
divvy,1,0.1,2024-05-06,-4.312665046912807,1.6800000000000068,1.0,7.928839976539234,29.200000000000003,1.0,0.0,35.0,0.07500000000000002,0.07500000000000002,0.05,0.1
divvy,1,0.1,2024-05-07,-3.8883111255370597,-7.105427357601002e-15,1.0,5.483006019572521,27.6,1.0,0.0,36.0,0.08000000000000003,0.08000000000000003,0.05,0.1
divvy,1,0.1,2024-05-08,-3.199076627697438,0.8800000000000061,1.0,9.79043307777265,24.800000000000004,1.0,0.0,37.0,0.08500000000000003,0.08500000000000003,0.05,0.1
divvy,1,0.1,2024-05-09,-1.8397044686818407,0.0,1.0,2.7284579655905237,6.8,1.0,0.0,38.0,0.09000000000000004,0.09000000000000004,0.05,0.1
divvy,1,0.1,2024-05-10,-3.160321150071785,5.440000000000012,1.0,4.053606390822316,26.400000000000006,1.0,0.0,39.0,0.09500000000000004,0.09500000000000004,0.05,0.1
divvy,1,0.1,2024-05-11,-2.7500465639997715,3.0400000000000027,1.0,4.150342877254611,18.400000000000006,1.0,0.0,40.0,0.10000000000000005,0.10000000000000005,0.05,0.1
divvy,1,0.1,2024-05-12,-3.0895832872812106,-2.879999999999999,1.0,2.7662377937728024,18.800000000000004,1.0,0.0,41.0,0.10500000000000005,0.10500000000000005,0.05,0.1
divvy,1,0.1,2024-05-13,-2.4307409520163548,7.1200000000000045,1.0,13.106873601836561,30.399999999999995,1.0,0.0,42.0,0.11000000000000006,0.11000000000000006,0.05,0.1
divvy,1,0.1,2024-05-14,-2.3983171378951855,4.399999999999997,1.0,11.158761449062633,16.800000000000004,1.0,0.0,43.0,0.11500000000000006,0.11500000000000006,0.05,0.1
divvy,1,0.1,2024-05-15,-2.2958341958306594,9.520000000000001,1.0,13.967702558382436,19.600000000000005,1.0,0.0,44.0,0.12000000000000006,0.12000000000000006,0.05,0.1
divvy,1,0.1,2024-05-16,-2.388820889227584,5.439999999999991,1.0,14.249028803917763,35.99999999999999,1.0,0.0,45.0,0.12500000000000006,0.12500000000000006,0.05,0.1
divvy,1,0.1,2024-05-17,-2.1633094688104535,-1.2800000000000011,1.0,7.629931769489645,30.400000000000013,1.0,0.0,46.0,0.13000000000000006,0.13000000000000006,0.05,0.1
divvy,1,0.1,2024-05-18,-3.1890903679419176,-0.3199999999999932,1.0,6.166736198283758,20.400000000000006,1.0,0.0,47.0,0.13500000000000006,0.13500000000000006,0.05,0.1
divvy,1,0.1,2024-05-19,-2.8118291647362534,-5.999999999999986,0.0,7.346999731226022,27.600000000000005,1.0,0.0,48.0,0.14000000000000007,0.14000000000000007,0.05,0.1
divvy,1,0.1,2024-05-20,-5.301528583245635,-2.480000000000011,1.0,19.010921068035852,39.60000000000001,1.0,0.0,49.0,0.04500000000000007,0.14500000000000007,0.05,0.1
divvy,1,0.1,2024-05-21,-4.519106076140505,5.999999999999986,1.0,19.962843409914363,49.60000000000001,1.0,0.0,50.0,0.05000000000000007,0.15000000000000008,0.05,0.1
divvy,1,0.1,2024-05-22,-4.572705479769591,15.519999999999996,1.0,22.920030040092538,51.2,1.0,0.0,51.0,0.05500000000000008,0.15500000000000008,0.05,0.1
divvy,1,0.1,2024-05-23,-3.909036060203146,7.279999999999987,1.0,22.464051829302583,38.0,1.0,0.0,52.0,0.06000000000000008,0.1600000000000001,0.05,0.1
divvy,1,0.1,2024-05-24,-3.924286840250703,-1.1999999999999975,1.0,8.47968628353054,14.000000000000002,1.0,0.0,53.0,0.06500000000000009,0.1650000000000001,0.05,0.1
divvy,1,0.1,2024-05-25,-4.703542478072754,2.8000000000000043,1.0,8.170040058600897,37.6,1.0,0.0,54.0,0.07000000000000009,0.1700000000000001,0.05,0.1
divvy,1,0.1,2024-05-26,-3.369745526192858,1.04,1.0,7.890943578695442,7.999999999999999,1.0,0.0,55.0,0.0750000000000001,0.1750000000000001,0.05,0.1
divvy,1,0.1,2024-05-27,-3.4400391560833574,2.3999999999999986,1.0,9.105507168255047,10.8,1.0,0.0,56.0,0.0800000000000001,0.1800000000000001,0.05,0.1
divvy,1,0.1,2024-05-28,-2.558106165743695,1.5200000000000102,1.0,20.60396087726821,30.00000000000001,1.0,0.0,57.0,0.0850000000000001,0.1850000000000001,0.05,0.1
divvy,1,0.1,2024-05-29,-1.9667175406605462,7.680000000000003,1.0,19.83793433781857,31.60000000000001,1.0,0.0,58.0,0.09000000000000011,0.1900000000000001,0.05,0.1
divvy,1,0.1,2024-05-30,-2.3985718077926577,6.400000000000009,1.0,16.10752228151559,28.000000000000014,1.0,0.0,59.0,0.09500000000000011,0.19500000000000012,0.05,0.1
divvy,1,0.1,2024-05-31,-2.675782149426981,-2.3200000000000003,1.0,18.135191911436554,28.0,1.0,0.0,60.0,0.10000000000000012,0.20000000000000012,0.05,0.1
divvy,1,0.2,2024-05-01,-10.002836821090925,4.479999999999983,1.0,16.734277152735643,47.59999999999999,1.0,0.0,30.0,0.05,0.05,0.05,0.1
divvy,1,0.2,2024-05-02,-11.46544636645929,2.5600000000000023,1.0,9.825136269373878,32.400000000000006,1.0,0.0,31.0,0.05500000000000001,0.05500000000000001,0.05,0.1
divvy,1,0.2,2024-05-03,-10.160008051560474,-0.3999999999999986,1.0,0.0,29.600000000000005,1.0,0.0,32.0,0.06000000000000001,0.06000000000000001,0.05,0.1
divvy,1,0.2,2024-05-04,-10.721167104251943,-5.039999999999999,1.0,2.2148362791491403,39.2,1.0,0.0,33.0,0.06500000000000002,0.06500000000000002,0.05,0.1
divvy,1,0.2,2024-05-05,-10.079984034763662,2.7200000000000024,1.0,0.0,27.60000000000001,1.0,0.0,34.0,0.07000000000000002,0.07000000000000002,0.05,0.1
divvy,1,0.2,2024-05-06,-9.382427879036639,3.20000000000001,1.0,7.933696369158709,36.00000000000001,1.0,0.0,35.0,0.07500000000000002,0.07500000000000002,0.05,0.1
divvy,1,0.2,2024-05-07,-9.520270611175677,7.599999999999994,1.0,5.436504409791111,35.6,1.0,0.0,36.0,0.08000000000000003,0.08000000000000003,0.05,0.1
divvy,1,0.2,2024-05-08,-5.345033264782615,5.440000000000005,1.0,12.47443059060912,37.60000000000001,1.0,0.0,37.0,0.08500000000000003,0.08500000000000003,0.05,0.1
divvy,1,0.2,2024-05-09,-3.481990649624175,-3.552713678800501e-15,1.0,4.6268695229230765,7.6,1.0,0.0,38.0,0.09000000000000004,0.09000000000000004,0.05,0.1
divvy,1,0.2,2024-05-10,-4.0722083663644595,2.400000000000002,1.0,6.284701189206407,29.20000000000001,1.0,0.0,39.0,0.09500000000000004,0.09500000000000004,0.05,0.1
divvy,1,0.2,2024-05-11,-4.195732386208077,3.6000000000000014,1.0,5.464716969150913,24.000000000000004,1.0,0.0,40.0,0.10000000000000005,0.10000000000000005,0.05,0.1
divvy,1,0.2,2024-05-12,-4.458799753892813,-1.8399999999999928,1.0,3.9466431370241937,25.20000000000001,1.0,0.0,41.0,0.10500000000000005,0.10500000000000005,0.05,0.1
divvy,1,0.2,2024-05-13,-4.309994828855512,7.440000000000005,1.0,14.646364900749415,39.99999999999999,1.0,0.0,42.0,0.11000000000000006,0.11000000000000006,0.05,0.1
divvy,1,0.2,2024-05-14,-3.153157819750297,5.600000000000001,1.0,12.222607240560853,19.600000000000005,1.0,0.0,43.0,0.11500000000000006,0.11500000000000006,0.05,0.1
divvy,1,0.2,2024-05-15,-3.335780733449259,7.359999999999999,1.0,15.337955146571904,28.400000000000013,1.0,0.0,44.0,0.12000000000000006,0.12000000000000006,0.05,0.1
divvy,1,0.2,2024-05-16,-3.4681609804716342,0.7199999999999989,1.0,15.22693090710685,43.2,1.0,0.0,45.0,0.12500000000000006,0.12500000000000006,0.05,0.1
divvy,1,0.2,2024-05-17,-2.7288128102494,-9.519999999999996,0.0,10.054218692392716,36.400000000000006,1.0,0.0,46.0,0.13000000000000006,0.13000000000000006,0.05,0.1
divvy,1,0.2,2024-05-18,-15.7737339335448,-7.439999999999998,1.0,8.42335056016804,28.40000000000001,1.0,0.0,47.0,0.03500000000000006,0.13500000000000006,0.05,0.1
divvy,1,0.2,2024-05-19,-13.388711824379468,1.1999999999999815,1.0,9.622136592959105,38.00000000000001,1.0,0.0,48.0,0.04000000000000006,0.14000000000000007,0.05,0.1
divvy,1,0.2,2024-05-20,-10.896603213052696,-0.720000000000006,1.0,21.68192800395146,48.400000000000006,1.0,0.0,49.0,0.04500000000000007,0.14500000000000007,0.05,0.1
divvy,1,0.2,2024-05-21,-10.162501800124152,-3.1999999999999886,1.0,22.934952640605037,64.0,1.0,0.0,50.0,0.05000000000000007,0.15000000000000008,0.05,0.1
divvy,1,0.2,2024-05-22,-10.144819534735625,10.559999999999988,1.0,26.49073731428232,62.800000000000004,1.0,0.0,51.0,0.05500000000000008,0.15500000000000008,0.05,0.1
divvy,1,0.2,2024-05-23,-11.268205075667437,8.479999999999968,1.0,25.979866122925138,58.39999999999999,1.0,0.0,52.0,0.06000000000000008,0.1600000000000001,0.05,0.1
divvy,1,0.2,2024-05-24,-8.521352536570634,-1.2000000000000028,1.0,11.288180144517225,18.0,1.0,0.0,53.0,0.06500000000000009,0.1650000000000001,0.05,0.1
divvy,1,0.2,2024-05-25,-11.839963273516265,9.120000000000012,1.0,9.67140593592405,52.8,1.0,0.0,54.0,0.07000000000000009,0.1700000000000001,0.05,0.1
divvy,1,0.2,2024-05-26,-4.837325618503839,-1.3599999999999994,1.0,9.033921635842642,9.200000000000001,1.0,0.0,55.0,0.0750000000000001,0.1750000000000001,0.05,0.1
divvy,1,0.2,2024-05-27,-5.544494774759874,5.440000000000001,1.0,10.544518615559674,14.400000000000002,1.0,0.0,56.0,0.0800000000000001,0.1800000000000001,0.05,0.1
divvy,1,0.2,2024-05-28,-6.233187104699546,2.40000000000002,1.0,22.20462141840619,38.00000000000001,1.0,0.0,57.0,0.0850000000000001,0.1850000000000001,0.05,0.1
divvy,1,0.2,2024-05-29,-4.767016582617381,11.280000000000008,1.0,21.665749682566513,42.4,1.0,0.0,58.0,0.09000000000000011,0.1900000000000001,0.05,0.1
divvy,1,0.2,2024-05-30,-4.301203180660855,1.8400000000000105,1.0,17.96060734545059,38.80000000000001,1.0,0.0,59.0,0.09500000000000011,0.19500000000000012,0.05,0.1
divvy,1,0.2,2024-05-31,-5.2151537685041465,-7.8400000000000105,0.0,20.11191739529339,34.400000000000006,1.0,0.0,60.0,0.10000000000000012,0.20000000000000012,0.05,0.1
divvy,2,0.01,2024-05-31,-1.487931371592376,0.0,1.0,0.0,0.0,1.0,0.0,31.0,0.05,0.05,0.05,0.1
divvy,2,0.01,2024-06-01,-3.4158649368411904,0.0,1.0,0.0,0.4,1.0,0.0,32.0,0.05500000000000001,0.05500000000000001,0.05,0.1
divvy,2,0.01,2024-06-02,-3.3695490963151733,1.5999999999999996,1.0,0.0,6.3999999999999995,1.0,0.0,33.0,0.06000000000000001,0.06000000000000001,0.05,0.1
divvy,2,0.01,2024-06-03,-2.5614100404942786,0.0,1.0,2.2744808128406744,2.8000000000000003,1.0,0.0,34.0,0.06500000000000002,0.06500000000000002,0.05,0.1
divvy,2,0.01,2024-06-04,-2.0477289363646527,0.7999999999999998,1.0,3.5113631074720644,4.8,1.0,0.0,35.0,0.07000000000000002,0.07000000000000002,0.05,0.1
divvy,2,0.01,2024-06-05,-3.161849811670281,2.4000000000000004,1.0,3.3804536147096007,7.2,1.0,0.0,36.0,0.07500000000000002,0.07500000000000002,0.05,0.1
divvy,2,0.01,2024-06-06,-1.7389286753746391,4.16,1.0,2.0117706518505765,6.4,1.0,0.0,37.0,0.08000000000000003,0.08000000000000003,0.05,0.1
divvy,2,0.01,2024-06-07,-3.1750092349268755,-3.5200000000000005,0.0,1.3604724752296011,5.200000000000001,1.0,0.0,38.0,0.08500000000000003,0.08500000000000003,0.05,0.1
divvy,2,0.01,2024-06-08,-inf,0.0,1.0,0.0,4.800000000000001,1.0,0.0,39.0,-0.009999999999999967,0.09000000000000004,0.05,0.1
divvy,2,0.01,2024-06-09,-inf,-0.40000000000000036,1.0,0.0,6.0,1.0,0.0,40.0,-0.004999999999999966,0.09500000000000004,0.05,0.1
divvy,2,0.01,2024-06-10,-inf,-0.40000000000000036,1.0,0.914938430607088,2.4000000000000004,1.0,0.0,41.0,3.469446951953614e-17,0.10000000000000005,0.05,0.1
divvy,2,0.01,2024-06-11,-inf,0.40000000000000036,1.0,7.960222356521337,13.200000000000001,1.0,0.0,42.0,0.005000000000000036,0.10500000000000005,0.05,0.1
divvy,2,0.01,2024-06-12,-inf,-1.360000000000003,1.0,2.2730082859210494,13.999999999999998,1.0,0.0,43.0,0.010000000000000037,0.11000000000000006,0.05,0.1
divvy,2,0.01,2024-06-13,-inf,-1.8399999999999999,1.0,4.067786530257726,15.600000000000001,1.0,0.0,44.0,0.015000000000000038,0.11500000000000006,0.05,0.1
divvy,2,0.01,2024-06-14,-inf,2.3999999999999986,1.0,2.173181192990194,9.600000000000001,1.0,0.0,45.0,0.02000000000000004,0.12000000000000006,0.05,0.1
divvy,2,0.01,2024-06-15,-1.8576653947132447,0.0,1.0,1.0874712564116313,3.2,1.0,0.0,46.0,0.02500000000000004,0.12500000000000006,0.05,0.1
divvy,2,0.01,2024-06-16,-3.488559985243942,2.7200000000000006,1.0,1.2122693844769676,4.0,1.0,0.0,47.0,0.03000000000000004,0.13000000000000006,0.05,0.1
divvy,2,0.01,2024-06-17,-1.9275868846220106,-2.080000000000002,0.0,5.254027260177846,7.2,1.0,0.0,48.0,0.035000000000000045,0.13500000000000006,0.05,0.1
divvy,2,0.01,2024-06-18,-inf,1.1999999999999993,1.0,5.5196181583605535,9.200000000000001,1.0,0.0,49.0,-0.059999999999999956,0.14000000000000007,0.05,0.1
divvy,2,0.01,2024-06-19,-inf,1.6000000000000005,1.0,3.6665672896941874,5.6,1.0,0.0,50.0,-0.05499999999999995,0.14500000000000007,0.05,0.1
divvy,2,0.01,2024-06-20,-inf,0.7999999999999998,1.0,5.86356624109232,5.6,0.0,0.0,51.0,-0.04999999999999995,0.15000000000000008,0.05,0.1
divvy,2,0.01,2024-06-21,-inf,-1.6000000000000005,1.0,1.4414783795745771,6.4,1.0,0.0,52.0,-0.04499999999999994,0.05500000000000008,0.05,0.1
divvy,2,0.01,2024-06-22,-inf,1.6000000000000014,1.0,0.0,8.4,1.0,0.0,53.0,-0.03999999999999994,0.06000000000000008,0.05,0.1
divvy,2,0.01,2024-06-23,-inf,4.4799999999999995,1.0,0.0,8.0,1.0,0.0,54.0,-0.034999999999999934,0.06500000000000009,0.05,0.1
divvy,2,0.01,2024-06-24,-inf,-1.2799999999999976,1.0,2.6674342756552845,11.6,1.0,0.0,55.0,-0.029999999999999933,0.07000000000000009,0.05,0.1
divvy,2,0.01,2024-06-25,-inf,2.0,1.0,0.6332100603572215,6.0,1.0,0.0,56.0,-0.024999999999999932,0.0750000000000001,0.05,0.1
divvy,2,0.01,2024-06-26,-inf,-1.4400000000000013,1.0,2.2711265068360262,6.8,1.0,0.0,57.0,-0.01999999999999993,0.0800000000000001,0.05,0.1
divvy,2,0.01,2024-06-27,-inf,-1.7599999999999998,1.0,3.3679381036533584,8.799999999999999,1.0,0.0,58.0,-0.01499999999999993,0.0850000000000001,0.05,0.1
divvy,2,0.01,2024-06-28,-inf,2.24,1.0,1.7885490438728047,6.4,1.0,0.0,59.0,-0.009999999999999929,0.09000000000000011,0.05,0.1
divvy,2,0.01,2024-06-29,-inf,0.0,1.0,1.553059755679537,8.4,1.0,0.0,60.0,-0.004999999999999928,0.09500000000000011,0.05,0.1
divvy,2,0.01,2024-06-30,-inf,-1.6000000000000003,1.0,0.7030226645832673,0.0,0.0,0.0,61.0,7.28583859910259e-17,0.10000000000000012,0.05,0.1
divvy,2,0.03,2024-05-31,-0.9459304434339366,0.0,1.0,0.0,0.0,1.0,0.0,31.0,0.05,0.05,0.05,0.1
divvy,2,0.03,2024-06-01,-2.454630681493404,-2.72,0.0,0.391906019664205,1.2000000000000002,1.0,0.0,32.0,0.05500000000000001,0.05500000000000001,0.05,0.1
divvy,2,0.03,2024-06-02,-inf,1.5999999999999996,1.0,1.5126402261294754,8.8,1.0,0.0,33.0,-0.039999999999999994,0.06000000000000001,0.05,0.1
divvy,2,0.03,2024-06-03,-inf,3.200000000000001,1.0,8.704033227571182,10.8,1.0,0.0,34.0,-0.03499999999999999,0.06500000000000002,0.05,0.1
divvy,2,0.03,2024-06-04,-inf,10.640000000000006,1.0,11.66035365418769,20.000000000000007,1.0,0.0,35.0,-0.02999999999999999,0.07000000000000002,0.05,0.1
divvy,2,0.03,2024-06-05,-inf,1.200000000000001,1.0,10.342358482240526,16.800000000000004,1.0,0.0,36.0,-0.024999999999999988,0.07500000000000002,0.05,0.1
divvy,2,0.03,2024-06-06,-inf,2.0,1.0,8.987901565728771,14.000000000000002,1.0,0.0,37.0,-0.019999999999999987,0.08000000000000003,0.05,0.1
divvy,2,0.03,2024-06-07,-inf,2.0,1.0,7.121672971237298,19.6,1.0,0.0,38.0,-0.014999999999999986,0.08500000000000003,0.05,0.1
divvy,2,0.03,2024-06-08,-inf,0.4800000000000004,1.0,2.8133858137126984,8.000000000000002,1.0,0.0,39.0,-0.009999999999999985,0.09000000000000004,0.05,0.1
divvy,2,0.03,2024-06-09,-inf,0.8000000000000007,1.0,1.08781541547883,9.600000000000001,1.0,0.0,40.0,-0.004999999999999984,0.09500000000000004,0.05,0.1
divvy,2,0.03,2024-06-10,-inf,-3.552713678800501e-15,1.0,6.158622716852951,12.8,1.0,0.0,41.0,1.734723475976807e-17,0.10000000000000005,0.05,0.1
divvy,2,0.03,2024-06-11,-inf,-3.519999999999996,1.0,18.58694626752709,22.800000000000008,1.0,0.0,42.0,0.005000000000000018,0.10500000000000005,0.05,0.1
divvy,2,0.03,2024-06-12,-inf,1.5999999999999943,1.0,10.461468226389425,23.6,1.0,0.0,43.0,0.01000000000000002,0.11000000000000006,0.05,0.1
divvy,2,0.03,2024-06-13,-inf,3.1999999999999886,1.0,11.320677608981503,28.0,1.0,0.0,44.0,0.01500000000000002,0.11500000000000006,0.05,0.1
divvy,2,0.03,2024-06-14,-inf,1.599999999999996,1.0,6.554269708277996,14.8,1.0,0.0,45.0,0.02000000000000002,0.12000000000000006,0.05,0.1
divvy,2,0.03,2024-06-15,-5.41106677543745,-2.720000000000004,1.0,5.974407327205772,7.6,1.0,0.0,46.0,0.025000000000000022,0.12500000000000006,0.05,0.1
divvy,2,0.03,2024-06-16,-3.751883803600643,-2.4000000000000004,1.0,7.589947089407563,7.999999999999999,1.0,0.0,47.0,0.030000000000000023,0.13000000000000006,0.05,0.1
divvy,2,0.03,2024-06-17,-4.020961271304021,0.399999999999995,1.0,14.770611409157977,18.8,1.0,0.0,48.0,0.035000000000000024,0.13500000000000006,0.05,0.1
divvy,2,0.03,2024-06-18,-2.78290966479538,-3.552713678800501e-15,1.0,15.58106610356688,18.4,1.0,0.0,49.0,0.04000000000000002,0.14000000000000007,0.05,0.1
divvy,2,0.03,2024-06-19,-4.0377184907703265,-2.8000000000000007,1.0,10.47886707344831,16.0,1.0,0.0,50.0,0.045000000000000026,0.14500000000000007,0.05,0.1
divvy,2,0.03,2024-06-20,-3.1303590218649937,-4.63999999999999,0.0,14.764880164405099,22.800000000000008,1.0,0.0,51.0,0.05000000000000003,0.15000000000000008,0.05,0.1
divvy,2,0.03,2024-06-21,-inf,-1.6000000000000014,1.0,8.967725296178692,17.6,1.0,0.0,52.0,-0.04499999999999997,0.15500000000000008,0.05,0.1
divvy,2,0.03,2024-06-22,-inf,3.0400000000000027,1.0,5.694935445287848,14.4,1.0,0.0,53.0,-0.039999999999999966,0.1600000000000001,0.05,0.1
divvy,2,0.03,2024-06-23,-inf,6.4,1.0,5.471075652337662,13.200000000000001,1.0,0.0,54.0,-0.03499999999999996,0.1650000000000001,0.05,0.1
divvy,2,0.03,2024-06-24,-inf,2.799999999999997,1.0,12.000339212793033,23.200000000000003,1.0,0.0,55.0,-0.02999999999999996,0.1700000000000001,0.05,0.1
divvy,2,0.03,2024-06-25,-inf,2.400000000000002,1.0,6.733134593916809,12.800000000000002,1.0,0.0,56.0,-0.02499999999999996,0.1750000000000001,0.05,0.1
divvy,2,0.03,2024-06-26,-inf,2.9599999999999973,1.0,12.78150012957905,20.0,1.0,0.0,57.0,-0.01999999999999996,0.1800000000000001,0.05,0.1
divvy,2,0.03,2024-06-27,-inf,0.4800000000000004,1.0,13.459919696210283,26.40000000000001,1.0,0.0,58.0,-0.014999999999999958,0.1850000000000001,0.05,0.1
divvy,2,0.03,2024-06-28,-inf,-0.8000000000000007,1.0,9.393837190631881,12.0,1.0,0.0,59.0,-0.009999999999999957,0.1900000000000001,0.05,0.1
divvy,2,0.03,2024-06-29,-inf,-4.640000000000004,1.0,7.969159605891613,18.8,1.0,0.0,60.0,-0.004999999999999956,0.19500000000000012,0.05,0.1
divvy,2,0.03,2024-06-30,-inf,0.8000000000000007,1.0,6.067257550295459,6.000000000000001,0.0,0.0,61.0,4.5102810375396984e-17,0.20000000000000012,0.05,0.1
divvy,2,0.05,2024-05-31,-1.1928877438127126,0.0,1.0,0.0,0.0,1.0,0.0,31.0,0.05,0.05,0.05,0.1
divvy,2,0.05,2024-06-01,-4.414776982440721,8.881784197001252e-16,1.0,1.918058644619835,5.2,1.0,0.0,32.0,0.05500000000000001,0.05500000000000001,0.05,0.1
divvy,2,0.05,2024-06-02,-3.729724413408354,-3.679999999999996,1.0,7.031967674031479,14.4,1.0,0.0,33.0,0.06000000000000001,0.06000000000000001,0.05,0.1
divvy,2,0.05,2024-06-03,-3.3488797794096947,2.8000000000000007,1.0,15.837524472298675,15.200000000000001,0.0,0.0,34.0,0.06500000000000002,0.06500000000000002,0.05,0.1
divvy,2,0.05,2024-06-04,-4.566393871465847,2.400000000000002,1.0,0.0,23.200000000000006,1.0,0.0,35.0,0.07000000000000002,-0.029999999999999985,0.05,0.1
divvy,2,0.05,2024-06-05,-4.11944490524524,1.2800000000000047,1.0,0.0,20.800000000000004,1.0,0.0,36.0,0.07500000000000002,-0.024999999999999984,0.05,0.1
divvy,2,0.05,2024-06-06,-3.9756359701509947,-0.8000000000000043,1.0,0.0,20.000000000000004,1.0,0.0,37.0,0.08000000000000003,-0.019999999999999983,0.05,0.1
divvy,2,0.05,2024-06-07,-4.888805915475449,7.280000000000012,1.0,0.0,27.600000000000016,1.0,0.0,38.0,0.08500000000000003,-0.014999999999999982,0.05,0.1
divvy,2,0.05,2024-06-08,-4.29421393957026,5.040000000000001,1.0,0.0,14.400000000000002,1.0,0.0,39.0,0.09000000000000004,-0.009999999999999981,0.05,0.1
divvy,2,0.05,2024-06-09,-4.524270589355125,8.079999999999984,1.0,0.0,28.400000000000006,1.0,0.0,40.0,0.09500000000000004,-0.00499999999999998,0.05,0.1
divvy,2,0.05,2024-06-10,-2.754003600400526,-1.1199999999999974,1.0,0.0,17.6,1.0,0.0,41.0,0.10000000000000005,2.0816681711721685e-17,0.05,0.1
divvy,2,0.05,2024-06-11,-2.6780764305737015,1.8400000000000034,1.0,0.0,30.000000000000007,1.0,0.0,42.0,0.10500000000000005,0.005000000000000022,0.05,0.1
divvy,2,0.05,2024-06-12,-1.9953764652530608,1.3599999999999923,1.0,0.0,33.60000000000001,1.0,0.0,43.0,0.11000000000000006,0.010000000000000023,0.05,0.1
divvy,2,0.05,2024-06-13,-2.1575387002725948,5.59999999999998,1.0,0.0,37.199999999999996,1.0,0.0,44.0,0.11500000000000006,0.015000000000000024,0.05,0.1
divvy,2,0.05,2024-06-14,-2.0186968193825208,2.0799999999999983,1.0,0.0,18.800000000000004,1.0,0.0,45.0,0.12000000000000006,0.020000000000000025,0.05,0.1
divvy,2,0.05,2024-06-15,-2.62570003918233,-0.8000000000000007,1.0,3.918808723898655,16.0,1.0,0.0,46.0,0.12500000000000006,0.025000000000000026,0.05,0.1
divvy,2,0.05,2024-06-16,-1.714648350612256,-2.0000000000000036,0.0,5.47749293847755,10.4,1.0,0.0,47.0,0.13000000000000006,0.030000000000000027,0.05,0.1
divvy,2,0.05,2024-06-17,-4.442680157384224,1.5999999999999908,1.0,14.243847454306463,24.400000000000002,1.0,0.0,48.0,0.03500000000000006,0.03500000000000003,0.05,0.1
divvy,2,0.05,2024-06-18,-3.798139245983453,0.79999999999999,1.0,18.049319738356907,26.0,1.0,0.0,49.0,0.04000000000000006,0.040000000000000036,0.05,0.1
divvy,2,0.05,2024-06-19,-4.3382684686907265,-1.1999999999999993,1.0,11.681646324035988,20.000000000000004,1.0,0.0,50.0,0.04500000000000007,0.04500000000000004,0.05,0.1
divvy,2,0.05,2024-06-20,-4.412948958511285,-3.4399999999999835,1.0,16.76718621650638,30.400000000000006,1.0,0.0,51.0,0.05000000000000007,0.050000000000000044,0.05,0.1
divvy,2,0.05,2024-06-21,-4.9232993907440825,-7.280000000000008,0.0,9.26320268968147,25.60000000000001,1.0,0.0,52.0,0.05500000000000008,0.05500000000000005,0.05,0.1
divvy,2,0.05,2024-06-22,-inf,7.520000000000007,1.0,6.712582624450799,27.60000000000001,1.0,0.0,53.0,-0.039999999999999925,0.06000000000000005,0.05,0.1
divvy,2,0.05,2024-06-23,-inf,4.080000000000002,1.0,6.223663594152888,19.200000000000003,1.0,0.0,54.0,-0.03499999999999992,0.06500000000000006,0.05,0.1
divvy,2,0.05,2024-06-24,-inf,1.1999999999999957,1.0,14.09678347775607,30.400000000000002,1.0,0.0,55.0,-0.02999999999999992,0.07000000000000006,0.05,0.1
divvy,2,0.05,2024-06-25,-inf,-0.3999999999999986,1.0,9.035475915940228,14.400000000000002,1.0,0.0,56.0,-0.024999999999999918,0.07500000000000007,0.05,0.1
divvy,2,0.05,2024-06-26,-inf,0.3999999999999986,1.0,16.039284174341425,28.800000000000004,1.0,0.0,57.0,-0.019999999999999917,0.08000000000000007,0.05,0.1
divvy,2,0.05,2024-06-27,-inf,2.8800000000000026,1.0,16.772909565403424,37.199999999999996,1.0,0.0,58.0,-0.014999999999999916,0.08500000000000008,0.05,0.1
divvy,2,0.05,2024-06-28,-inf,-3.552713678800501e-15,1.0,10.116628626369067,13.600000000000001,1.0,0.0,59.0,-0.009999999999999915,0.09000000000000008,0.05,0.1
divvy,2,0.05,2024-06-29,-inf,-0.8800000000000168,1.0,8.760911520103566,32.00000000000001,1.0,0.0,60.0,-0.004999999999999914,0.09500000000000008,0.05,0.1
divvy,2,0.05,2024-06-30,-inf,2.400000000000002,1.0,7.449465320956184,10.8,1.0,0.0,61.0,8.673617379884035e-17,0.10000000000000009,0.05,0.1
divvy,2,0.1,2024-05-31,-4.506109630349349,0.0,1.0,0.0,0.0,1.0,0.0,31.0,0.05,0.05,0.05,0.1
divvy,2,0.1,2024-06-01,-18.41648363706831,-1.9999999999999991,1.0,9.117566389727031,5.2,0.0,0.0,32.0,0.05500000000000001,0.05500000000000001,0.05,0.1
divvy,2,0.1,2024-06-02,-11.817499165146645,-5.6799999999999855,1.0,0.0,25.60000000000001,1.0,0.0,33.0,0.06000000000000001,-0.039999999999999994,0.05,0.1
divvy,2,0.1,2024-06-03,-10.060404017343815,-2.4000000000000057,1.0,0.0,22.0,1.0,0.0,34.0,0.06500000000000002,-0.03499999999999999,0.05,0.1
divvy,2,0.1,2024-06-04,-8.464580114785141,11.599999999999994,1.0,0.0,39.60000000000001,1.0,0.0,35.0,0.07000000000000002,-0.02999999999999999,0.05,0.1
divvy,2,0.1,2024-06-05,-12.388631626934949,6.319999999999997,1.0,0.0,35.2,1.0,0.0,36.0,0.07500000000000002,-0.024999999999999988,0.05,0.1
divvy,2,0.1,2024-06-06,-8.961143119395153,3.759999999999998,1.0,0.0,33.600000000000016,1.0,0.0,37.0,0.08000000000000003,-0.019999999999999987,0.05,0.1
divvy,2,0.1,2024-06-07,-11.154653548023713,2.239999999999988,1.0,0.0,40.0,1.0,0.0,38.0,0.08500000000000003,-0.014999999999999986,0.05,0.1
divvy,2,0.1,2024-06-08,-10.927842296386487,-0.23999999999999488,1.0,0.0,20.800000000000004,1.0,0.0,39.0,0.09000000000000004,-0.009999999999999985,0.05,0.1
divvy,2,0.1,2024-06-09,-10.506775315071556,3.2799999999999727,1.0,0.0,36.79999999999999,1.0,0.0,40.0,0.09500000000000004,-0.004999999999999984,0.05,0.1
divvy,2,0.1,2024-06-10,-8.829810768678202,-2.4000000000000057,1.0,0.0,26.400000000000006,1.0,0.0,41.0,0.10000000000000005,1.734723475976807e-17,0.05,0.1
divvy,2,0.1,2024-06-11,-8.569705898518682,6.880000000000003,1.0,0.0,44.400000000000006,1.0,0.0,42.0,0.10500000000000005,0.005000000000000018,0.05,0.1
divvy,2,0.1,2024-06-12,-8.06735041869939,2.480000000000004,1.0,0.0,45.2,1.0,0.0,43.0,0.11000000000000006,0.01000000000000002,0.05,0.1
divvy,2,0.1,2024-06-13,-6.215786989795911,3.4399999999999835,1.0,0.0,44.4,1.0,0.0,44.0,0.11500000000000006,0.01500000000000002,0.05,0.1
divvy,2,0.1,2024-06-14,-6.864341440941804,3.8400000000000034,1.0,0.0,25.20000000000001,1.0,0.0,45.0,0.12000000000000006,0.02000000000000002,0.05,0.1
divvy,2,0.1,2024-06-15,-6.745027778220562,-2.3200000000000074,1.0,8.788834245815405,30.400000000000006,1.0,0.0,46.0,0.12500000000000006,0.025000000000000022,0.05,0.1
divvy,2,0.1,2024-06-16,-6.148895493423003,4.48,1.0,9.836729274666261,20.400000000000006,1.0,0.0,47.0,0.13000000000000006,0.030000000000000023,0.05,0.1
divvy,2,0.1,2024-06-17,-5.078551560798945,-6.000000000000021,0.0,20.29744784092535,33.599999999999994,1.0,0.0,48.0,0.13500000000000006,0.035000000000000024,0.05,0.1
divvy,2,0.1,2024-06-18,-11.373428208708322,-5.280000000000008,1.0,25.16691269350054,32.800000000000004,1.0,0.0,49.0,0.04000000000000006,0.04000000000000002,0.05,0.1
divvy,2,0.1,2024-06-19,-11.707864335813959,9.199999999999996,1.0,17.909227788075103,37.60000000000001,1.0,0.0,50.0,0.04500000000000007,0.045000000000000026,0.05,0.1
divvy,2,0.1,2024-06-20,-10.84434298344433,7.68,1.0,23.34926988119598,48.4,1.0,0.0,51.0,0.05000000000000007,0.05000000000000003,0.05,0.1
divvy,2,0.1,2024-06-21,-13.429721292141581,-1.8400000000000034,1.0,14.9509928894434,41.6,1.0,0.0,52.0,0.05500000000000008,0.055000000000000035,0.05,0.1
divvy,2,0.1,2024-06-22,-11.749710988107092,9.680000000000007,1.0,12.619572592394233,39.6,1.0,0.0,53.0,0.06000000000000008,0.06000000000000004,0.05,0.1
divvy,2,0.1,2024-06-23,-10.967825136519012,3.2799999999999976,1.0,11.571305834222866,27.200000000000006,1.0,0.0,54.0,0.06500000000000009,0.06500000000000004,0.05,0.1
divvy,2,0.1,2024-06-24,-10.485281901886779,1.6000000000000014,1.0,20.320323326353936,39.999999999999986,1.0,0.0,55.0,0.07000000000000009,0.07000000000000005,0.05,0.1
divvy,2,0.1,2024-06-25,-9.365252228639108,5.600000000000001,1.0,16.340040119440637,21.200000000000003,1.0,0.0,56.0,0.0750000000000001,0.07500000000000005,0.05,0.1
divvy,2,0.1,2024-06-26,-7.634712111390504,0.0799999999999983,1.0,24.189853860467025,51.600000000000016,1.0,0.0,57.0,0.0800000000000001,0.08000000000000006,0.05,0.1
divvy,2,0.1,2024-06-27,-5.867349841058921,2.4000000000000057,1.0,24.613141284095835,56.4,1.0,0.0,58.0,0.0850000000000001,0.08500000000000006,0.05,0.1
divvy,2,0.1,2024-06-28,-6.944757640458929,-3.552713678800501e-15,1.0,16.424780001456234,19.2,1.0,0.0,59.0,0.09000000000000011,0.09000000000000007,0.05,0.1
divvy,2,0.1,2024-06-29,-7.7417227706258185,-8.640000000000008,0.0,15.501692374146815,40.80000000000001,1.0,0.0,60.0,0.09500000000000011,0.09500000000000007,0.05,0.1
divvy,2,0.1,2024-06-30,-inf,-6.3199999999999985,1.0,13.771060805975388,15.200000000000003,1.0,0.0,61.0,1.1102230246251565e-16,0.10000000000000007,0.05,0.1
divvy,2,0.2,2024-05-31,-2.6767379994748706,0.0,1.0,0.11723213039079527,0.0,0.0,0.0,31.0,0.05,0.05,0.05,0.1
divvy,2,0.2,2024-06-01,-9.922008806412572,-0.8000000000000007,1.0,0.0,8.4,1.0,0.0,32.0,0.05500000000000001,-0.045,0.05,0.1
divvy,2,0.2,2024-06-02,-10.39740168153612,6.239999999999995,1.0,0.0,47.60000000000001,1.0,0.0,33.0,0.06000000000000001,-0.039999999999999994,0.05,0.1
divvy,2,0.2,2024-06-03,-7.2018818404472675,1.2000000000000028,1.0,0.0,34.800000000000004,1.0,0.0,34.0,0.06500000000000002,-0.03499999999999999,0.05,0.1
divvy,2,0.2,2024-06-04,-8.159708719153077,-3.680000000000014,1.0,0.0,51.2,1.0,0.0,35.0,0.07000000000000002,-0.02999999999999999,0.05,0.1
divvy,2,0.2,2024-06-05,-9.516428889927864,10.799999999999983,1.0,0.0,45.6,1.0,0.0,36.0,0.07500000000000002,-0.024999999999999988,0.05,0.1
divvy,2,0.2,2024-06-06,-5.284909459535819,2.3999999999999986,1.0,0.0,50.40000000000001,1.0,0.0,37.0,0.08000000000000003,-0.019999999999999987,0.05,0.1
divvy,2,0.2,2024-06-07,-6.972328990319464,2.479999999999997,1.0,0.0,45.6,1.0,0.0,38.0,0.08500000000000003,-0.014999999999999986,0.05,0.1
divvy,2,0.2,2024-06-08,-5.403723141522068,3.839999999999982,1.0,0.0,32.400000000000006,1.0,0.0,39.0,0.09000000000000004,-0.009999999999999985,0.05,0.1
divvy,2,0.2,2024-06-09,-6.107594505380947,1.1999999999999744,1.0,0.0,48.39999999999999,1.0,0.0,40.0,0.09500000000000004,-0.004999999999999984,0.05,0.1
divvy,2,0.2,2024-06-10,-3.0102175091622096,7.200000000000003,1.0,0.0,45.20000000000001,1.0,0.0,41.0,0.10000000000000005,1.734723475976807e-17,0.05,0.1
divvy,2,0.2,2024-06-11,-4.154678543343136,-2.3999999999999915,1.0,0.0,62.80000000000001,1.0,0.0,42.0,0.10500000000000005,0.005000000000000018,0.05,0.1
divvy,2,0.2,2024-06-12,-4.588137490681815,6.8799999999999955,1.0,0.0,63.599999999999994,1.0,0.0,43.0,0.11000000000000006,0.01000000000000002,0.05,0.1
divvy,2,0.2,2024-06-13,-4.448832091832794,8.319999999999993,1.0,0.0,61.59999999999998,1.0,0.0,44.0,0.11500000000000006,0.01500000000000002,0.05,0.1
divvy,2,0.2,2024-06-14,-4.341734213799132,9.919999999999995,1.0,0.0,35.20000000000001,1.0,0.0,45.0,0.12000000000000006,0.02000000000000002,0.05,0.1
divvy,2,0.2,2024-06-15,-5.144938175979933,-0.7200000000000131,1.0,13.0768670851669,46.400000000000006,1.0,0.0,46.0,0.12500000000000006,0.025000000000000022,0.05,0.1
divvy,2,0.2,2024-06-16,-4.345831023229868,6.400000000000006,1.0,13.714628888609855,31.600000000000012,1.0,0.0,47.0,0.13000000000000006,0.030000000000000023,0.05,0.1
divvy,2,0.2,2024-06-17,-3.2087272585623263,-4.000000000000014,0.0,24.99691905074567,42.8,1.0,0.0,48.0,0.13500000000000006,0.035000000000000024,0.05,0.1
divvy,2,0.2,2024-06-18,-7.031878058216829,-0.23999999999999488,1.0,29.935702768149827,44.8,1.0,0.0,49.0,0.04000000000000006,0.04000000000000002,0.05,0.1
divvy,2,0.2,2024-06-19,-8.559660351244702,12.400000000000013,1.0,22.094942150266824,57.20000000000002,1.0,0.0,50.0,0.04500000000000007,0.045000000000000026,0.05,0.1
divvy,2,0.2,2024-06-20,-10.187152834382921,9.039999999999992,1.0,27.28389731815074,63.2,1.0,0.0,51.0,0.05000000000000007,0.05000000000000003,0.05,0.1
divvy,2,0.2,2024-06-21,-9.881239335921839,-2.1599999999999824,1.0,18.646179831458916,55.20000000000001,1.0,0.0,52.0,0.05500000000000008,0.055000000000000035,0.05,0.1
divvy,2,0.2,2024-06-22,-6.53238219310524,-1.5200000000000102,1.0,15.756375935311139,49.2,1.0,0.0,53.0,0.06000000000000008,0.06000000000000004,0.05,0.1
divvy,2,0.2,2024-06-23,-6.7226718408915564,-9.040000000000013,0.0,14.674856365537511,35.2,1.0,0.0,54.0,0.06500000000000009,0.06500000000000004,0.05,0.1
divvy,2,0.2,2024-06-24,-inf,2.000000000000007,1.0,24.217538335009213,47.59999999999999,1.0,0.0,55.0,-0.029999999999999916,0.07000000000000005,0.05,0.1
divvy,2,0.2,2024-06-25,-inf,-1.5999999999999979,1.0,24.460062477173214,25.200000000000006,1.0,0.0,56.0,-0.024999999999999915,0.07500000000000005,0.05,0.1
divvy,2,0.2,2024-06-26,-inf,8.559999999999974,1.0,32.371207330077276,71.60000000000001,1.0,0.0,57.0,-0.019999999999999914,0.08000000000000006,0.05,0.1
divvy,2,0.2,2024-06-27,-inf,3.59999999999998,1.0,32.851109371856886,73.59999999999998,1.0,0.0,58.0,-0.014999999999999913,0.08500000000000006,0.05,0.1
divvy,2,0.2,2024-06-28,-inf,4.640000000000001,1.0,23.97182310290503,23.600000000000005,0.0,0.0,59.0,-0.009999999999999912,0.09000000000000007,0.05,0.1
divvy,2,0.2,2024-06-29,-inf,-5.44000000000004,1.0,0.0,58.79999999999999,1.0,0.0,60.0,-0.004999999999999911,-0.004999999999999935,0.05,0.1
divvy,2,0.2,2024-06-30,-inf,-6.239999999999995,1.0,0.0,27.600000000000005,1.0,0.0,61.0,9.020562075079397e-17,6.591949208711867e-17,0.05,0.1
