dataset,fold_id,budget_fraction,block_id,calibrated_plan_lower_bound,realized_worst_value,covered,calibration_blocks,adaptive_alpha,target_alpha,adaptation_rate
bts,1,0.01,2024-05-01,0.0,5.743354430379748,1.0,30.0,0.05,0.05,0.1
bts,1,0.01,2024-05-02,0.0,10.302926421404685,1.0,31.0,0.05500000000000001,0.05,0.1
bts,1,0.01,2024-05-03,0.0,22.57602317157535,1.0,32.0,0.06000000000000001,0.05,0.1
bts,1,0.01,2024-05-04,0.0,3.0500000000000003,1.0,33.0,0.06500000000000002,0.05,0.1
bts,1,0.01,2024-05-05,0.0,9.181021341463415,1.0,34.0,0.07000000000000002,0.05,0.1
bts,1,0.01,2024-05-06,0.0,15.518446601941749,1.0,35.0,0.07500000000000002,0.05,0.1
bts,1,0.01,2024-05-07,0.0,12.204576210826213,1.0,36.0,0.08000000000000003,0.05,0.1
bts,1,0.01,2024-05-08,0.0,4.528703703703704,1.0,37.0,0.08500000000000003,0.05,0.1
bts,1,0.01,2024-05-09,0.0,28.2966482918198,1.0,38.0,0.09000000000000004,0.05,0.1
bts,1,0.01,2024-05-10,0.0,22.118430083519392,1.0,39.0,0.09500000000000004,0.05,0.1
bts,1,0.01,2024-05-11,0.0,4.471428571428572,1.0,40.0,0.10000000000000005,0.05,0.1
bts,1,0.01,2024-05-12,0.0,2.85,1.0,41.0,0.10500000000000005,0.05,0.1
bts,1,0.01,2024-05-13,0.0,10.210005543237251,1.0,42.0,0.11000000000000006,0.05,0.1
bts,1,0.01,2024-05-14,7.79258966280544,7.219354838709678,0.0,43.0,0.11500000000000006,0.05,0.1
bts,1,0.01,2024-05-15,0.0,6.671428571428571,1.0,44.0,0.02000000000000006,0.05,0.1
bts,1,0.01,2024-05-16,0.0,19.0922187961206,1.0,45.0,0.02500000000000006,0.05,0.1
bts,1,0.01,2024-05-17,0.0,13.819639175257734,1.0,46.0,0.03000000000000006,0.05,0.1
bts,1,0.01,2024-05-18,0.0,1.675,1.0,47.0,0.03500000000000006,0.05,0.1
bts,1,0.01,2024-05-19,0.0,15.014010989010991,1.0,48.0,0.04000000000000006,0.05,0.1
bts,1,0.01,2024-05-20,0.0,5.917241379310345,1.0,49.0,0.04500000000000007,0.05,0.1
bts,1,0.01,2024-05-21,0.0,10.404294564911291,1.0,50.0,0.05000000000000007,0.05,0.1
bts,1,0.01,2024-05-22,0.0,10.91211158988633,1.0,51.0,0.05500000000000008,0.05,0.1
bts,1,0.01,2024-05-23,0.0,20.54323530268813,1.0,52.0,0.06000000000000008,0.05,0.1
bts,1,0.01,2024-05-24,0.0610326075453429,9.219354838709677,1.0,53.0,0.06500000000000009,0.05,0.1
bts,1,0.01,2024-05-25,0.0,6.717647058823529,1.0,54.0,0.07000000000000009,0.05,0.1
bts,1,0.01,2024-05-26,0.0,15.21941516719682,1.0,55.0,0.0750000000000001,0.05,0.1
bts,1,0.01,2024-05-27,11.036577329628912,8.533701298701299,0.0,56.0,0.0800000000000001,0.05,0.1
bts,1,0.01,2024-05-28,0.0,25.44826388888889,1.0,57.0,-0.014999999999999902,0.05,0.1
bts,1,0.01,2024-05-29,0.0,20.23208860759493,1.0,58.0,-0.009999999999999901,0.05,0.1
bts,1,0.01,2024-05-30,0.0,76.47293983887734,1.0,59.0,-0.0049999999999999,0.05,0.1
bts,1,0.01,2024-05-31,0.0,42.609702671727575,1.0,60.0,1.0061396160665481e-16,0.05,0.1
bts,1,0.03,2024-05-01,0.0,9.581512325116591,1.0,30.0,0.05,0.05,0.1
bts,1,0.03,2024-05-02,0.0,34.02032173123431,1.0,31.0,0.05500000000000001,0.05,0.1
bts,1,0.03,2024-05-03,0.0,19.58022290195925,1.0,32.0,0.06000000000000001,0.05,0.1
bts,1,0.03,2024-05-04,0.0,16.77311111111111,1.0,33.0,0.06500000000000002,0.05,0.1
bts,1,0.03,2024-05-05,0.0,28.35701340495548,1.0,34.0,0.07000000000000002,0.05,0.1
bts,1,0.03,2024-05-06,0.0,36.66702199876715,1.0,35.0,0.07500000000000002,0.05,0.1
bts,1,0.03,2024-05-07,0.0,42.52848732193732,1.0,36.0,0.08000000000000003,0.05,0.1
bts,1,0.03,2024-05-08,0.0,19.38941798941799,1.0,37.0,0.08500000000000003,0.05,0.1
bts,1,0.03,2024-05-09,0.0,59.01207382373468,1.0,38.0,0.09000000000000004,0.05,0.1
bts,1,0.03,2024-05-10,0.0,33.42407805553486,1.0,39.0,0.09500000000000004,0.05,0.1
bts,1,0.03,2024-05-11,0.0,42.79926879623789,1.0,40.0,0.10000000000000005,0.05,0.1
bts,1,0.03,2024-05-12,0.0,17.328448275862073,1.0,41.0,0.10500000000000005,0.05,0.1
bts,1,0.03,2024-05-13,29.046374131759933,26.916586090349718,0.0,42.0,0.11000000000000006,0.05,0.1
bts,1,0.03,2024-05-14,0.0,8.761538461538462,1.0,43.0,0.015000000000000055,0.05,0.1
bts,1,0.03,2024-05-15,0.0,67.30204634290622,1.0,44.0,0.020000000000000056,0.05,0.1
bts,1,0.03,2024-05-16,0.0,86.94338086472163,1.0,45.0,0.025000000000000057,0.05,0.1
bts,1,0.03,2024-05-17,0.0,31.710727567799264,1.0,46.0,0.030000000000000058,0.05,0.1
bts,1,0.03,2024-05-18,0.0,24.2125,1.0,47.0,0.03500000000000006,0.05,0.1
bts,1,0.03,2024-05-19,0.0,38.73401098901098,1.0,48.0,0.04000000000000006,0.05,0.1
bts,1,0.03,2024-05-20,0.0,22.95537486347324,1.0,49.0,0.04500000000000007,0.05,0.1
bts,1,0.03,2024-05-21,0.0,43.05143742205415,1.0,50.0,0.05000000000000007,0.05,0.1
bts,1,0.03,2024-05-22,0.0,80.17435098600421,1.0,51.0,0.05500000000000008,0.05,0.1
bts,1,0.03,2024-05-23,0.0,91.34277168661028,1.0,52.0,0.06000000000000008,0.05,0.1
bts,1,0.03,2024-05-24,0.0,39.94559597346145,1.0,53.0,0.06500000000000009,0.05,0.1
bts,1,0.03,2024-05-25,0.0,41.57972374592103,1.0,54.0,0.07000000000000009,0.05,0.1
bts,1,0.03,2024-05-26,10.69729352193761,36.340789393625656,1.0,55.0,0.0750000000000001,0.05,0.1
bts,1,0.03,2024-05-27,45.045362596431914,49.20415584415584,1.0,56.0,0.0800000000000001,0.05,0.1
bts,1,0.03,2024-05-28,14.499945293231121,65.12263717843459,1.0,57.0,0.0850000000000001,0.05,0.1
bts,1,0.03,2024-05-29,0.0,33.241017179023515,1.0,58.0,0.09000000000000011,0.05,0.1
bts,1,0.03,2024-05-30,0.0,98.06374282673916,1.0,59.0,0.09500000000000011,0.05,0.1
bts,1,0.03,2024-05-31,17.58956871072209,51.54058502466875,1.0,60.0,0.10000000000000012,0.05,0.1
bts,1,0.05,2024-05-01,0.0,18.976410696364404,1.0,30.0,0.05,0.05,0.1
bts,1,0.05,2024-05-02,0.0,68.62636186767409,1.0,31.0,0.05500000000000001,0.05,0.1
bts,1,0.05,2024-05-03,0.0,64.89625788532369,1.0,32.0,0.06000000000000001,0.05,0.1
bts,1,0.05,2024-05-04,13.531610564038488,34.79075816993464,1.0,33.0,0.06500000000000002,0.05,0.1
bts,1,0.05,2024-05-05,0.0,47.58534063328271,1.0,34.0,0.07000000000000002,0.05,0.1
bts,1,0.05,2024-05-06,27.223549934733512,47.51564837239352,1.0,35.0,0.07500000000000002,0.05,0.1
bts,1,0.05,2024-05-07,4.479561178493725,76.07647160541642,1.0,36.0,0.08000000000000003,0.05,0.1
bts,1,0.05,2024-05-08,15.23675197050116,35.14138931558288,1.0,37.0,0.08500000000000003,0.05,0.1
bts,1,0.05,2024-05-09,17.322949960089687,121.99701261268542,1.0,38.0,0.09000000000000004,0.05,0.1
bts,1,0.05,2024-05-10,15.99413868590895,67.93305063850745,1.0,39.0,0.09500000000000004,0.05,0.1
bts,1,0.05,2024-05-11,0.0,60.48780090632963,1.0,40.0,0.10000000000000005,0.05,0.1
bts,1,0.05,2024-05-12,15.459944672914162,23.726539347645726,1.0,41.0,0.10500000000000005,0.05,0.1
bts,1,0.05,2024-05-13,28.865896151553017,68.68208903949686,1.0,42.0,0.11000000000000006,0.05,0.1
bts,1,0.05,2024-05-14,24.20502527754269,31.35396387003488,1.0,43.0,0.11500000000000006,0.05,0.1
bts,1,0.05,2024-05-15,40.34841281955761,84.11482745235149,1.0,44.0,0.12000000000000006,0.05,0.1
bts,1,0.05,2024-05-16,23.10492463677579,112.46847944852988,1.0,45.0,0.12500000000000006,0.05,0.1
bts,1,0.05,2024-05-17,25.667412917593765,76.56768976847808,1.0,46.0,0.13000000000000006,0.05,0.1
bts,1,0.05,2024-05-18,0.0,42.28020833333333,1.0,47.0,0.13500000000000006,0.05,0.1
bts,1,0.05,2024-05-19,4.317548498440516,72.0351092986069,1.0,48.0,0.14000000000000007,0.05,0.1
bts,1,0.05,2024-05-20,25.883978908013148,90.04295491460053,1.0,49.0,0.14500000000000007,0.05,0.1
bts,1,0.05,2024-05-21,32.82815397550678,84.45404812671336,1.0,50.0,0.15000000000000008,0.05,0.1
bts,1,0.05,2024-05-22,0.0,102.81512110984325,1.0,51.0,0.15500000000000008,0.05,0.1
bts,1,0.05,2024-05-23,38.5899301263199,134.56088870601178,1.0,52.0,0.1600000000000001,0.05,0.1
bts,1,0.05,2024-05-24,46.75845469598124,90.5317661684242,1.0,53.0,0.1650000000000001,0.05,0.1
bts,1,0.05,2024-05-25,26.201147800441163,46.06999263482916,1.0,54.0,0.1700000000000001,0.05,0.1
bts,1,0.05,2024-05-26,32.582481466130844,91.17083882499084,1.0,55.0,0.1750000000000001,0.05,0.1
bts,1,0.05,2024-05-27,58.896832577835056,99.39524665763304,1.0,56.0,0.1800000000000001,0.05,0.1
bts,1,0.05,2024-05-28,43.762470242127335,104.21457697776567,1.0,57.0,0.1850000000000001,0.05,0.1
bts,1,0.05,2024-05-29,17.875500152363472,66.08027730688121,1.0,58.0,0.1900000000000001,0.05,0.1
bts,1,0.05,2024-05-30,14.388416949834863,204.5519972214913,1.0,59.0,0.19500000000000012,0.05,0.1
bts,1,0.05,2024-05-31,67.98235411103309,94.63183698067763,1.0,60.0,0.20000000000000012,0.05,0.1
bts,1,0.1,2024-05-01,17.81349125245464,50.36778157914387,1.0,30.0,0.05,0.05,0.1
bts,1,0.1,2024-05-02,39.500223174206155,153.89350731883795,1.0,31.0,0.05500000000000001,0.05,0.1
bts,1,0.1,2024-05-03,10.29539752487139,96.01977301138344,1.0,32.0,0.06000000000000001,0.05,0.1
bts,1,0.1,2024-05-04,40.779898783463864,67.42208029529786,1.0,33.0,0.06500000000000002,0.05,0.1
bts,1,0.1,2024-05-05,35.86590004331029,171.1513513491372,1.0,34.0,0.07000000000000002,0.05,0.1
bts,1,0.1,2024-05-06,64.01845550148528,122.64957675040831,1.0,35.0,0.07500000000000002,0.05,0.1
bts,1,0.1,2024-05-07,31.536260599837505,144.86099176430795,1.0,36.0,0.08000000000000003,0.05,0.1
bts,1,0.1,2024-05-08,48.90613030915901,77.26296417433994,1.0,37.0,0.08500000000000003,0.05,0.1
bts,1,0.1,2024-05-09,53.6836890173652,206.37866618246,1.0,38.0,0.09000000000000004,0.05,0.1
bts,1,0.1,2024-05-10,50.51705673799165,129.28144552366672,1.0,39.0,0.09500000000000004,0.05,0.1
bts,1,0.1,2024-05-11,42.853020382773025,154.3937729536895,1.0,40.0,0.10000000000000005,0.05,0.1
bts,1,0.1,2024-05-12,59.43593960462783,67.68117901820168,1.0,41.0,0.10500000000000005,0.05,0.1
bts,1,0.1,2024-05-13,80.62996846197211,126.4525716837217,1.0,42.0,0.11000000000000006,0.05,0.1
bts,1,0.1,2024-05-14,71.13590782818557,96.7821537648331,1.0,43.0,0.11500000000000006,0.05,0.1
bts,1,0.1,2024-05-15,89.66378065704325,154.172466451089,1.0,44.0,0.12000000000000006,0.05,0.1
bts,1,0.1,2024-05-16,75.55136680188696,210.07919487528235,1.0,45.0,0.12500000000000006,0.05,0.1
bts,1,0.1,2024-05-17,78.7203730139698,128.6619250267478,1.0,46.0,0.13000000000000006,0.05,0.1
bts,1,0.1,2024-05-18,39.92272078686429,106.81588428818182,1.0,47.0,0.13500000000000006,0.05,0.1
bts,1,0.1,2024-05-19,52.34060808841727,111.12396032055388,1.0,48.0,0.14000000000000007,0.05,0.1
bts,1,0.1,2024-05-20,74.98593272090892,152.8336785234565,1.0,49.0,0.14500000000000007,0.05,0.1
bts,1,0.1,2024-05-21,71.34786411354912,151.5783039590487,1.0,50.0,0.15000000000000008,0.05,0.1
bts,1,0.1,2024-05-22,19.230645035114122,180.1449112582533,1.0,51.0,0.15500000000000008,0.05,0.1
bts,1,0.1,2024-05-23,87.31535036672278,230.03307409356628,1.0,52.0,0.1600000000000001,0.05,0.1
bts,1,0.1,2024-05-24,91.14247395835051,177.5408967850126,1.0,53.0,0.1650000000000001,0.05,0.1
bts,1,0.1,2024-05-25,67.6464096641842,85.7051029365184,1.0,54.0,0.1700000000000001,0.05,0.1
bts,1,0.1,2024-05-26,76.56431281160914,140.77659718117815,1.0,55.0,0.1750000000000001,0.05,0.1
bts,1,0.1,2024-05-27,114.00603818768789,168.08959980101315,1.0,56.0,0.1800000000000001,0.05,0.1
bts,1,0.1,2024-05-28,95.26187886216809,219.2257120015556,1.0,57.0,0.1850000000000001,0.05,0.1
bts,1,0.1,2024-05-29,63.84472989153426,133.5314581353639,1.0,58.0,0.1900000000000001,0.05,0.1
bts,1,0.1,2024-05-30,61.25865063613304,295.36018208165274,1.0,59.0,0.19500000000000012,0.05,0.1
bts,1,0.1,2024-05-31,119.9602218129555,161.17739096806028,1.0,60.0,0.20000000000000012,0.05,0.1
bts,1,0.2,2024-05-01,50.67395020900719,96.4075512025656,1.0,30.0,0.05,0.05,0.1
bts,1,0.2,2024-05-02,60.02794778398649,266.1528684131513,1.0,31.0,0.05500000000000001,0.05,0.1
bts,1,0.2,2024-05-03,52.061263377114955,276.0039569506143,1.0,32.0,0.06000000000000001,0.05,0.1
bts,1,0.2,2024-05-04,107.86674054004376,100.08214699348348,0.0,33.0,0.06500000000000002,0.05,0.1
bts,1,0.2,2024-05-05,0.0,292.7069362115504,1.0,34.0,-0.029999999999999985,0.05,0.1
bts,1,0.2,2024-05-06,0.0,271.4627464960983,1.0,35.0,-0.024999999999999984,0.05,0.1
bts,1,0.2,2024-05-07,0.0,325.20896147890426,1.0,36.0,-0.019999999999999983,0.05,0.1
bts,1,0.2,2024-05-08,0.0,193.80760346875485,1.0,37.0,-0.014999999999999982,0.05,0.1
bts,1,0.2,2024-05-09,0.0,394.1650042014501,1.0,38.0,-0.009999999999999981,0.05,0.1
bts,1,0.2,2024-05-10,0.0,288.93578978678835,1.0,39.0,-0.00499999999999998,0.05,0.1
bts,1,0.2,2024-05-11,0.0,220.0726776090601,1.0,40.0,2.0816681711721685e-17,0.05,0.1
bts,1,0.2,2024-05-12,0.0,251.07135411836745,1.0,41.0,0.005000000000000022,0.05,0.1
bts,1,0.2,2024-05-13,0.0,241.20445717268424,1.0,42.0,0.010000000000000023,0.05,0.1
bts,1,0.2,2024-05-14,0.0,242.67959988362315,1.0,43.0,0.015000000000000024,0.05,0.1
bts,1,0.2,2024-05-15,0.0,383.9777947478496,1.0,44.0,0.020000000000000025,0.05,0.1
bts,1,0.2,2024-05-16,74.37934601680013,388.4325831414154,1.0,45.0,0.025000000000000026,0.05,0.1
bts,1,0.2,2024-05-17,92.58005653899778,262.7902684718724,1.0,46.0,0.030000000000000027,0.05,0.1
bts,1,0.2,2024-05-18,61.00725057657431,222.2530384293079,1.0,47.0,0.03500000000000003,0.05,0.1
bts,1,0.2,2024-05-19,74.7201759966371,209.48781316562432,1.0,48.0,0.040000000000000036,0.05,0.1
bts,1,0.2,2024-05-20,102.92311589972769,265.65201939729053,1.0,49.0,0.04500000000000004,0.05,0.1
bts,1,0.2,2024-05-21,98.94116942778288,287.36172797307285,1.0,50.0,0.050000000000000044,0.05,0.1
bts,1,0.2,2024-05-22,35.13435161537436,269.9965609660922,1.0,51.0,0.05500000000000005,0.05,0.1
bts,1,0.2,2024-05-23,123.69239940213714,369.9651550358979,1.0,52.0,0.06000000000000005,0.05,0.1
bts,1,0.2,2024-05-24,130.7011417268658,341.75296061191256,1.0,53.0,0.06500000000000006,0.05,0.1
bts,1,0.2,2024-05-25,102.10434035666418,153.20397331123087,1.0,54.0,0.07000000000000006,0.05,0.1
bts,1,0.2,2024-05-26,103.17932402220336,247.54607079864948,1.0,55.0,0.07500000000000007,0.05,0.1
bts,1,0.2,2024-05-27,163.09217575340003,323.0855763370412,1.0,56.0,0.08000000000000007,0.05,0.1
bts,1,0.2,2024-05-28,116.37748594371735,402.6705512385033,1.0,57.0,0.08500000000000008,0.05,0.1
bts,1,0.2,2024-05-29,96.63954818858815,384.075729103506,1.0,58.0,0.09000000000000008,0.05,0.1
bts,1,0.2,2024-05-30,98.79247214974959,438.4331561818545,1.0,59.0,0.09500000000000008,0.05,0.1
bts,1,0.2,2024-05-31,171.7597780783605,303.7736220632762,1.0,60.0,0.10000000000000009,0.05,0.1
bts,2,0.01,2024-06-01,0.0,0.0,1.0,31.0,0.05,0.05,0.1
bts,2,0.01,2024-06-02,0.0,5.549921507064364,1.0,32.0,0.05500000000000001,0.05,0.1
bts,2,0.01,2024-06-03,0.0,6.45,1.0,33.0,0.06000000000000001,0.05,0.1
bts,2,0.01,2024-06-04,0.0,8.725000000000001,1.0,34.0,0.06500000000000002,0.05,0.1
bts,2,0.01,2024-06-05,10.690633556719533,13.029056795131847,1.0,35.0,0.07000000000000002,0.05,0.1
bts,2,0.01,2024-06-06,0.0,10.760729548229548,1.0,36.0,0.07500000000000002,0.05,0.1
bts,2,0.01,2024-06-07,0.0,14.253333333333334,1.0,37.0,0.08000000000000003,0.05,0.1
bts,2,0.01,2024-06-08,0.0,11.619298245614036,1.0,38.0,0.08500000000000003,0.05,0.1
bts,2,0.01,2024-06-09,0.0,15.8301652892562,1.0,39.0,0.09000000000000004,0.05,0.1
bts,2,0.01,2024-06-10,0.0,4.680608974358974,1.0,40.0,0.09500000000000004,0.05,0.1
bts,2,0.01,2024-06-11,24.818546284243837,10.054411764705884,0.0,41.0,0.10000000000000005,0.05,0.1
bts,2,0.01,2024-06-12,0.0,8.283333333333333,1.0,42.0,0.005000000000000046,0.05,0.1
bts,2,0.01,2024-06-13,0.0,2.05,1.0,43.0,0.010000000000000047,0.05,0.1
bts,2,0.01,2024-06-14,0.0,6.957621920563097,1.0,44.0,0.015000000000000048,0.05,0.1
bts,2,0.01,2024-06-15,0.0,15.799046920821114,1.0,45.0,0.02000000000000005,0.05,0.1
bts,2,0.01,2024-06-16,0.0,25.32756105006105,1.0,46.0,0.02500000000000005,0.05,0.1
bts,2,0.01,2024-06-17,0.0,15.315384615384614,1.0,47.0,0.03000000000000005,0.05,0.1
bts,2,0.01,2024-06-18,0.0,17.850917107583776,1.0,48.0,0.03500000000000005,0.05,0.1
bts,2,0.01,2024-06-19,0.0,20.25,1.0,49.0,0.04000000000000005,0.05,0.1
bts,2,0.01,2024-06-20,0.0,26.938168009779066,1.0,50.0,0.045000000000000054,0.05,0.1
bts,2,0.01,2024-06-21,0.0,32.99008391608391,1.0,51.0,0.05000000000000006,0.05,0.1
bts,2,0.01,2024-06-22,0.0,9.695042762115934,1.0,52.0,0.05500000000000006,0.05,0.1
bts,2,0.01,2024-06-23,0.0,9.023511904761904,1.0,53.0,0.06000000000000007,0.05,0.1
bts,2,0.01,2024-06-24,0.0,39.3258007536505,1.0,54.0,0.06500000000000007,0.05,0.1
bts,2,0.01,2024-06-25,0.0,0.1,1.0,55.0,0.07000000000000008,0.05,0.1
bts,2,0.01,2024-06-26,0.0,21.787610619469028,1.0,56.0,0.07500000000000008,0.05,0.1
bts,2,0.01,2024-06-27,0.0,0.8,1.0,57.0,0.08000000000000008,0.05,0.1
bts,2,0.01,2024-06-28,0.0,13.473846153846154,1.0,58.0,0.08500000000000009,0.05,0.1
bts,2,0.01,2024-06-29,6.358056441634048,1.6,0.0,59.0,0.0900000000000001,0.05,0.1
bts,2,0.01,2024-06-30,0.0,2.4659090909090917,1.0,60.0,-0.004999999999999907,0.05,0.1
bts,2,0.03,2024-06-01,0.0,22.00140258014956,1.0,31.0,0.05,0.05,0.1
bts,2,0.03,2024-06-02,0.0,71.6539588929986,1.0,32.0,0.05500000000000001,0.05,0.1
bts,2,0.03,2024-06-03,0.0,34.10631313131314,1.0,33.0,0.06000000000000001,0.05,0.1
bts,2,0.03,2024-06-04,0.0,25.33663138518178,1.0,34.0,0.06500000000000002,0.05,0.1
bts,2,0.03,2024-06-05,40.812009917315436,38.40401360576308,0.0,35.0,0.07000000000000002,0.05,0.1
bts,2,0.03,2024-06-06,0.0,47.44456170889013,1.0,36.0,-0.02499999999999998,0.05,0.1
bts,2,0.03,2024-06-07,0.0,40.07937812306234,1.0,37.0,-0.01999999999999998,0.05,0.1
bts,2,0.03,2024-06-08,0.0,13.189028340080972,1.0,38.0,-0.014999999999999979,0.05,0.1
bts,2,0.03,2024-06-09,0.0,32.63934776441428,1.0,39.0,-0.009999999999999978,0.05,0.1
bts,2,0.03,2024-06-10,0.0,24.340296550933346,1.0,40.0,-0.004999999999999977,0.05,0.1
bts,2,0.03,2024-06-11,0.0,37.2453780196289,1.0,41.0,2.42861286636753e-17,0.05,0.1
bts,2,0.03,2024-06-12,0.0,20.35009694719472,1.0,42.0,0.005000000000000025,0.05,0.1
bts,2,0.03,2024-06-13,0.0,32.319910507763524,1.0,43.0,0.010000000000000026,0.05,0.1
bts,2,0.03,2024-06-14,0.0,68.00004891856968,1.0,44.0,0.015000000000000027,0.05,0.1
bts,2,0.03,2024-06-15,0.0,30.56931265762305,1.0,45.0,0.020000000000000028,0.05,0.1
bts,2,0.03,2024-06-16,0.0,70.18827126395261,1.0,46.0,0.02500000000000003,0.05,0.1
bts,2,0.03,2024-06-17,0.0,27.5983989694516,1.0,47.0,0.03000000000000003,0.05,0.1
bts,2,0.03,2024-06-18,0.0,35.74883637653387,1.0,48.0,0.03500000000000003,0.05,0.1
bts,2,0.03,2024-06-19,0.0,44.59433635806881,1.0,49.0,0.040000000000000036,0.05,0.1
bts,2,0.03,2024-06-20,4.596807081703815,69.71348489216938,1.0,50.0,0.04500000000000004,0.05,0.1
bts,2,0.03,2024-06-21,0.0,40.29626671178284,1.0,51.0,0.050000000000000044,0.05,0.1
bts,2,0.03,2024-06-22,5.072689459258754,23.654783753106926,1.0,52.0,0.05500000000000005,0.05,0.1
bts,2,0.03,2024-06-23,0.0,69.60639979030935,1.0,53.0,0.06000000000000005,0.05,0.1
bts,2,0.03,2024-06-24,0.0,70.92703494244712,1.0,54.0,0.06500000000000006,0.05,0.1
bts,2,0.03,2024-06-25,0.0,39.41564829642845,1.0,55.0,0.07000000000000006,0.05,0.1
bts,2,0.03,2024-06-26,0.0,67.95842050459771,1.0,56.0,0.07500000000000007,0.05,0.1
bts,2,0.03,2024-06-27,22.89713801246384,76.0995904634772,1.0,57.0,0.08000000000000007,0.05,0.1
bts,2,0.03,2024-06-28,0.0,44.00367407248107,1.0,58.0,0.08500000000000008,0.05,0.1
bts,2,0.03,2024-06-29,15.485740468006725,53.09587212828366,1.0,59.0,0.09000000000000008,0.05,0.1
bts,2,0.03,2024-06-30,0.0,41.18864671852704,1.0,60.0,0.09500000000000008,0.05,0.1
bts,2,0.05,2024-06-01,0.0,33.41510889209531,1.0,31.0,0.05,0.05,0.1
bts,2,0.05,2024-06-02,0.0,95.27234749844078,1.0,32.0,0.05500000000000001,0.05,0.1
bts,2,0.05,2024-06-03,14.82813602179715,66.93936535162952,1.0,33.0,0.06000000000000001,0.05,0.1
bts,2,0.05,2024-06-04,0.0,39.57587287124989,1.0,34.0,0.06500000000000002,0.05,0.1
bts,2,0.05,2024-06-05,99.75567410317598,70.84668702960707,0.0,35.0,0.07000000000000002,0.05,0.1
bts,2,0.05,2024-06-06,0.0,55.61956170889011,1.0,36.0,-0.02499999999999998,0.05,0.1
bts,2,0.05,2024-06-07,0.0,66.6072300330571,1.0,37.0,-0.01999999999999998,0.05,0.1
bts,2,0.05,2024-06-08,0.0,29.534765958626807,1.0,38.0,-0.014999999999999979,0.05,0.1
bts,2,0.05,2024-06-09,0.0,54.30543823569052,1.0,39.0,-0.009999999999999978,0.05,0.1
bts,2,0.05,2024-06-10,0.0,62.73235025231297,1.0,40.0,-0.004999999999999977,0.05,0.1
bts,2,0.05,2024-06-11,0.0,120.19658395654912,1.0,41.0,2.42861286636753e-17,0.05,0.1
bts,2,0.05,2024-06-12,0.0,64.50460261394792,1.0,42.0,0.005000000000000025,0.05,0.1
bts,2,0.05,2024-06-13,0.0,73.01572659801872,1.0,43.0,0.010000000000000026,0.05,0.1
bts,2,0.05,2024-06-14,0.0,70.32545214437613,1.0,44.0,0.015000000000000027,0.05,0.1
bts,2,0.05,2024-06-15,0.0,47.76879493210533,1.0,45.0,0.020000000000000028,0.05,0.1
bts,2,0.05,2024-06-16,0.0,81.17331450294633,1.0,46.0,0.02500000000000003,0.05,0.1
bts,2,0.05,2024-06-17,0.0,51.31893056519883,1.0,47.0,0.03000000000000003,0.05,0.1
bts,2,0.05,2024-06-18,14.14852660729585,46.93407542282721,1.0,48.0,0.03500000000000003,0.05,0.1
bts,2,0.05,2024-06-19,0.0,61.72142027415273,1.0,49.0,0.040000000000000036,0.05,0.1
bts,2,0.05,2024-06-20,23.495655581224355,88.40921639529373,1.0,50.0,0.04500000000000004,0.05,0.1
bts,2,0.05,2024-06-21,14.999335462806783,47.750753891270016,1.0,51.0,0.050000000000000044,0.05,0.1
bts,2,0.05,2024-06-22,23.690410303165407,39.00478375310692,1.0,52.0,0.05500000000000005,0.05,0.1
bts,2,0.05,2024-06-23,10.169626953509635,89.70262804122513,1.0,53.0,0.06000000000000005,0.05,0.1
bts,2,0.05,2024-06-24,6.853466980475133,117.73422548103684,1.0,54.0,0.06500000000000006,0.05,0.1
bts,2,0.05,2024-06-25,10.700646593215168,96.66558167038347,1.0,55.0,0.07000000000000006,0.05,0.1
bts,2,0.05,2024-06-26,10.13936250972273,91.80388165758464,1.0,56.0,0.07500000000000007,0.05,0.1
bts,2,0.05,2024-06-27,70.9838437770731,114.4516742941109,1.0,57.0,0.08000000000000007,0.05,0.1
bts,2,0.05,2024-06-28,0.5502151869897887,99.44026998573122,1.0,58.0,0.08500000000000008,0.05,0.1
bts,2,0.05,2024-06-29,41.453010889950974,53.50997711788865,1.0,59.0,0.09000000000000008,0.05,0.1
bts,2,0.05,2024-06-30,15.39042410061046,79.41774888570971,1.0,60.0,0.09500000000000008,0.05,0.1
bts,2,0.1,2024-06-01,3.0193677076645713,85.47866568641437,1.0,31.0,0.05,0.05,0.1
bts,2,0.1,2024-06-02,36.07200337052774,191.3972586918707,1.0,32.0,0.05500000000000001,0.05,0.1
bts,2,0.1,2024-06-03,45.60693822299385,159.6622780128873,1.0,33.0,0.06000000000000001,0.05,0.1
bts,2,0.1,2024-06-04,11.338023312266188,104.43676346835092,1.0,34.0,0.06500000000000002,0.05,0.1
bts,2,0.1,2024-06-05,141.7753142038823,151.1955783573027,1.0,35.0,0.07000000000000002,0.05,0.1
bts,2,0.1,2024-06-06,46.5791344671143,168.48225854946477,1.0,36.0,0.07500000000000002,0.05,0.1
bts,2,0.1,2024-06-07,98.4608104896422,190.8679369118757,1.0,37.0,0.08000000000000003,0.05,0.1
bts,2,0.1,2024-06-08,72.39641046881962,79.83467550427616,1.0,38.0,0.08500000000000003,0.05,0.1
bts,2,0.1,2024-06-09,101.50212270649152,207.95646436194423,1.0,39.0,0.09000000000000004,0.05,0.1
bts,2,0.1,2024-06-10,40.42668481259818,145.394694177834,1.0,40.0,0.09500000000000004,0.05,0.1
bts,2,0.1,2024-06-11,137.6219481469016,213.51455012081328,1.0,41.0,0.10000000000000005,0.05,0.1
bts,2,0.1,2024-06-12,18.153053500506985,157.88709383848948,1.0,42.0,0.10500000000000005,0.05,0.1
bts,2,0.1,2024-06-13,62.05637450926406,132.97892754909634,1.0,43.0,0.11000000000000006,0.05,0.1
bts,2,0.1,2024-06-14,117.11901676764253,183.83980879628,1.0,44.0,0.11500000000000006,0.05,0.1
bts,2,0.1,2024-06-15,41.872647949179765,81.86614757847117,1.0,45.0,0.12000000000000006,0.05,0.1
bts,2,0.1,2024-06-16,90.77521336821721,147.15437286683394,1.0,46.0,0.12500000000000006,0.05,0.1
bts,2,0.1,2024-06-17,53.53180653651839,101.52217015895836,1.0,47.0,0.13000000000000006,0.05,0.1
bts,2,0.1,2024-06-18,102.27458454934086,93.83756017450963,0.0,48.0,0.13500000000000006,0.05,0.1
bts,2,0.1,2024-06-19,60.706406824375705,130.28367478961303,1.0,49.0,0.04000000000000006,0.05,0.1
bts,2,0.1,2024-06-20,100.62580614624434,167.0401764564047,1.0,50.0,0.04500000000000007,0.05,0.1
bts,2,0.1,2024-06-21,85.97021544723998,94.1759967635232,1.0,51.0,0.05000000000000007,0.05,0.1
bts,2,0.1,2024-06-22,87.2770673681986,222.07215332858888,1.0,52.0,0.05500000000000008,0.05,0.1
bts,2,0.1,2024-06-23,65.1357773692828,193.5068477904158,1.0,53.0,0.06000000000000008,0.05,0.1
bts,2,0.1,2024-06-24,63.175485902588264,207.09189136538745,1.0,54.0,0.06500000000000009,0.05,0.1
bts,2,0.1,2024-06-25,61.8295175611286,187.24600621158007,1.0,55.0,0.07000000000000009,0.05,0.1
bts,2,0.1,2024-06-26,56.7863786037685,221.0367465279276,1.0,56.0,0.0750000000000001,0.05,0.1
bts,2,0.1,2024-06-27,133.33308472866992,199.54420021080455,1.0,57.0,0.0800000000000001,0.05,0.1
bts,2,0.1,2024-06-28,33.25769421130485,165.81001080047432,1.0,58.0,0.0850000000000001,0.05,0.1
bts,2,0.1,2024-06-29,80.6594221981185,183.3734148084755,1.0,59.0,0.09000000000000011,0.05,0.1
bts,2,0.1,2024-06-30,55.77265052738085,212.3566745013688,1.0,60.0,0.09500000000000011,0.05,0.1
bts,2,0.2,2024-06-01,77.27151916103963,190.2466671933013,1.0,31.0,0.05,0.05,0.1
bts,2,0.2,2024-06-02,99.18160175376667,419.1071443568215,1.0,32.0,0.05500000000000001,0.05,0.1
bts,2,0.2,2024-06-03,109.12143985845668,224.87304628480751,1.0,33.0,0.06000000000000001,0.05,0.1
bts,2,0.2,2024-06-04,91.77136489285749,199.4964830250286,1.0,34.0,0.06500000000000002,0.05,0.1
bts,2,0.2,2024-06-05,187.20889575403987,338.7788776254495,1.0,35.0,0.07000000000000002,0.05,0.1
bts,2,0.2,2024-06-06,125.99164048553395,365.8245805278818,1.0,36.0,0.07500000000000002,0.05,0.1
bts,2,0.2,2024-06-07,207.26690715432852,319.95585352600284,1.0,37.0,0.08000000000000003,0.05,0.1
bts,2,0.2,2024-06-08,212.10454135652768,161.69308938233445,0.0,38.0,0.08500000000000003,0.05,0.1
bts,2,0.2,2024-06-09,0.0,318.1835712326417,1.0,39.0,-0.009999999999999967,0.05,0.1
bts,2,0.2,2024-06-10,0.0,271.74829664941643,1.0,40.0,-0.004999999999999966,0.05,0.1
bts,2,0.2,2024-06-11,0.0,330.2366229541954,1.0,41.0,3.469446951953614e-17,0.05,0.1
bts,2,0.2,2024-06-12,0.0,234.99577462024865,1.0,42.0,0.005000000000000036,0.05,0.1
bts,2,0.2,2024-06-13,0.0,302.08235089664106,1.0,43.0,0.010000000000000037,0.05,0.1
bts,2,0.2,2024-06-14,0.0,399.9271360122986,1.0,44.0,0.015000000000000038,0.05,0.1
bts,2,0.2,2024-06-15,0.0,220.254860351846,1.0,45.0,0.02000000000000004,0.05,0.1
bts,2,0.2,2024-06-16,98.52641228594553,361.05650539143016,1.0,46.0,0.02500000000000004,0.05,0.1
bts,2,0.2,2024-06-17,78.95327685909587,239.8616834119223,1.0,47.0,0.03000000000000004,0.05,0.1
bts,2,0.2,2024-06-18,101.79862532127697,178.61079238955557,1.0,48.0,0.035000000000000045,0.05,0.1
bts,2,0.2,2024-06-19,161.7476342920471,207.9476790914274,1.0,49.0,0.04000000000000005,0.05,0.1
bts,2,0.2,2024-06-20,161.94653826323076,287.466690389124,1.0,50.0,0.045000000000000054,0.05,0.1
bts,2,0.2,2024-06-21,131.65153484553454,203.6877881980767,1.0,51.0,0.05000000000000006,0.05,0.1
bts,2,0.2,2024-06-22,133.8429896438221,361.278337715677,1.0,52.0,0.05500000000000006,0.05,0.1
bts,2,0.2,2024-06-23,126.73170768470398,339.05831303319826,1.0,53.0,0.06000000000000007,0.05,0.1
bts,2,0.2,2024-06-24,145.10408687943925,335.25620175394016,1.0,54.0,0.06500000000000007,0.05,0.1
bts,2,0.2,2024-06-25,137.03304577468222,358.8800092648753,1.0,55.0,0.07000000000000008,0.05,0.1
bts,2,0.2,2024-06-26,171.40180324731023,417.29512464387545,1.0,56.0,0.07500000000000008,0.05,0.1
bts,2,0.2,2024-06-27,223.73302266182588,383.1742121973589,1.0,57.0,0.08000000000000008,0.05,0.1
bts,2,0.2,2024-06-28,159.9465912353135,324.41144058555307,1.0,58.0,0.08500000000000009,0.05,0.1
bts,2,0.2,2024-06-29,173.46342354626267,332.8513801277346,1.0,59.0,0.0900000000000001,0.05,0.1
bts,2,0.2,2024-06-30,156.10431900817724,519.8443030495262,1.0,60.0,0.0950000000000001,0.05,0.1
