dataset,budget_fraction,method,mean_worst_value,mean_value,blocks,feasible_rate,max_solver_gap,ours_worst_value,gain_of_ours_pct
bts,0.01,CalibratedUncertainty2025,13.234913378405192,19.746894968963993,61,1.0,,13.733763550249186,3.7691986156701662
bts,0.01,ExpectedActionValue,10.998954420915199,16.347371121110847,61,1.0,,13.733763550249186,24.86426458985571
bts,0.01,GroupAware2025,13.162922603163121,19.532018287227334,61,1.0,,13.733763550249186,4.336734054402849
bts,0.01,MappedPTO2026,12.280189073185149,18.214896887493772,61,1.0,,13.733763550249186,11.836743460555041
bts,0.01,NetworkPropagation2024,12.611851040802868,18.757090210672686,61,1.0,,13.733763550249186,8.89570060585569
bts,0.01,PointwiseWorstAction,11.599120606432237,17.26349604121653,61,1.0,,13.733763550249186,18.4034895079304
bts,0.01,RiskFirst,12.902705152406641,19.146278317989164,61,1.0,,13.733763550249186,6.440962480550324
bts,0.01,RobustImprovement2025,13.550620825087533,19.933161493506876,61,1.0,,13.733763550249186,1.351544903555889
bts,0.01,ScenarioCVaR,11.599120606432237,17.26349604121653,61,1.0,,13.733763550249186,18.4034895079304
bts,0.01,StructuralRobust,13.733763550249186,20.270584568540126,61,1.0,0.0,13.733763550249186,0.0
bts,0.01,TemporalContext2024,13.44319029587106,19.967128984005466,61,1.0,,13.733763550249186,2.1614903009099895
bts,0.03,CalibratedUncertainty2025,39.52219625775293,58.944953519522485,61,1.0,,42.760217943468064,8.192919403055544
bts,0.03,ExpectedActionValue,34.59680783526203,51.46045085299145,61,1.0,,42.760217943468064,23.595847764560705
bts,0.03,GroupAware2025,42.32402882666761,62.80881926380256,61,1.0,,42.760217943468064,1.0305945083508241
bts,0.03,MappedPTO2026,42.89915128700423,63.73744591945844,61,1.0,,42.760217943468064,-0.32386035473446423
bts,0.03,NetworkPropagation2024,40.399308674472344,60.03259113706779,61,1.0,,42.760217943468064,5.843934825764825
bts,0.03,PointwiseWorstAction,33.19419868982945,49.37985951369219,61,1.0,,42.760217943468064,28.8183466726359
bts,0.03,RiskFirst,42.07790927811272,62.428750650579666,61,1.0,,42.760217943468064,1.621536518950226
bts,0.03,RobustImprovement2025,45.17786271144958,66.3861212035957,61,1.0,,42.760217943468064,-5.351392524748193
bts,0.03,ScenarioCVaR,33.19419868982945,49.37985951369219,61,1.0,,42.760217943468064,28.8183466726359
bts,0.03,StructuralRobust,42.760217943468064,63.00268505447041,61,1.0,0.0,42.760217943468064,0.0
bts,0.03,TemporalContext2024,38.987478741466084,57.875800488880856,61,1.0,,42.760217943468064,9.676797073798442
bts,0.05,CalibratedUncertainty2025,69.07741042921836,102.84824167899122,61,1.0,,73.33562827716226,6.164414417803299
bts,0.05,ExpectedActionValue,55.315766691982475,82.26054233492465,61,1.0,,73.33562827716226,32.576356910174766
bts,0.05,GroupAware2025,69.51435113648469,103.2084536722158,61,1.0,,73.33562827716226,5.497105386447266
bts,0.05,MappedPTO2026,72.10123548954572,106.99714884921246,61,1.0,,73.33562827716226,1.7120272339792604
bts,0.05,NetworkPropagation2024,68.80917396934053,102.22333339351692,61,1.0,,73.33562827716226,6.578271539545854
bts,0.05,PointwiseWorstAction,54.79184950491891,81.47976356662474,61,1.0,,73.33562827716226,33.84404603932669
bts,0.05,RiskFirst,69.04561209622901,102.49167047374345,61,1.0,,73.33562827716226,6.213307479922469
bts,0.05,RobustImprovement2025,75.34770105016892,110.94180411404587,61,1.0,,73.33562827716226,-2.6703837608355987
bts,0.05,ScenarioCVaR,54.79184950491891,81.47976356662474,61,1.0,,73.33562827716226,33.84404603932669
bts,0.05,StructuralRobust,73.33562827716226,108.49477948096535,61,1.0,0.0,73.33562827716226,0.0
bts,0.05,TemporalContext2024,68.81866087071975,102.2295455388574,61,1.0,,73.33562827716226,6.563579339225905
bts,0.1,CalibratedUncertainty2025,147.9721538441795,219.96643959202183,61,1.0,,151.67693692485577,2.503702882217655
bts,0.1,ExpectedActionValue,104.78203833401544,155.75966501718054,61,1.0,,151.67693692485577,44.7547111474895
bts,0.1,GroupAware2025,143.97690575091616,213.91795964456625,61,1.0,,151.67693692485577,5.348101581833453
bts,0.1,MappedPTO2026,143.71312123718621,213.48774662351983,61,1.0,,151.67693692485577,5.541467347665462
bts,0.1,NetworkPropagation2024,147.81713217340328,219.64971793517537,61,1.0,,151.67693692485577,2.6112025681330198
bts,0.1,PointwiseWorstAction,104.19362700576713,154.8903817827379,61,1.0,,151.67693692485577,45.57218256396856
bts,0.1,RiskFirst,145.5531159301171,216.20967654538256,61,1.0,,151.67693692485577,4.207275780807637
bts,0.1,RobustImprovement2025,148.85880400836476,219.8576213887513,61,1.0,,151.67693692485577,1.8931583759954511
bts,0.1,ScenarioCVaR,104.19362700576713,154.8903817827379,61,1.0,,151.67693692485577,45.57218256396856
bts,0.1,StructuralRobust,151.67693692485577,224.70797122774354,61,1.0,0.0,151.67693692485577,0.0
bts,0.1,TemporalContext2024,139.40559418470394,207.09752667833402,61,1.0,,151.67693692485577,8.802618583507515
bts,0.2,CalibratedUncertainty2025,288.02031131290806,428.246622632704,61,1.0,,292.827951981044,1.6692019553137967
bts,0.2,ExpectedActionValue,208.00781752916666,309.2367314995334,61,1.0,,292.827951981044,40.77737820598207
bts,0.2,GroupAware2025,274.2276109300083,407.5146003344517,61,1.0,,292.827951981044,6.782811179353886
bts,0.2,MappedPTO2026,271.7951432401718,403.9843878262275,61,1.0,,292.827951981044,7.738478506323629
bts,0.2,NetworkPropagation2024,277.92980292399415,413.00351747938794,61,1.0,,292.827951981044,5.360399964419822
bts,0.2,PointwiseWorstAction,208.93034208219848,310.57312154536646,61,1.0,,292.827951981044,40.155780660062334
bts,0.2,RiskFirst,273.4400250522574,406.2503487264297,61,1.0,,292.827951981044,7.090376372325656
bts,0.2,RobustImprovement2025,238.0671761867687,353.095775055172,61,1.0,,292.827951981044,23.0022368775922
bts,0.2,ScenarioCVaR,208.93034208219848,310.57312154536646,61,1.0,,292.827951981044,40.155780660062334
bts,0.2,StructuralRobust,292.827951981044,433.316073720016,61,1.0,0.0,292.827951981044,0.0
bts,0.2,TemporalContext2024,272.64424042121914,405.01501233823956,61,1.0,,292.827951981044,7.402948079388084
